Analysis & Synthesis report for cpu
Mon Jul 27 20:46:33 2026
Quartus Prime Version 24.1std.0 Build 1077 03/04/2025 SC Lite Edition


---------------------
; Table of Contents ;
---------------------
  1. Legal Notice
  2. Analysis & Synthesis Summary
  3. Analysis & Synthesis Settings
  4. Parallel Compilation
  5. Analysis & Synthesis Source Files Read
  6. Analysis & Synthesis Resource Usage Summary
  7. Analysis & Synthesis Resource Utilization by Entity
  8. Analysis & Synthesis RAM Summary
  9. Registers Removed During Synthesis
 10. Removed Registers Triggering Further Register Optimizations
 11. General Register Statistics
 12. Inverted Register Statistics
 13. Physical Synthesis Netlist Optimizations
 14. Registers Added for RAM Pass-Through Logic
 15. Registers Packed Into Inferred Megafunctions
 16. Multiplexer Restructuring Statistics (No Restructuring Performed)
 17. Source assignments for core:cpu_core|regfile:stage4_regfile|altsyncram:registers_b_rtl_0|altsyncram_uam1:auto_generated
 18. Source assignments for core:cpu_core|regfile:stage4_regfile|altsyncram:registers_a_rtl_0|altsyncram_tam1:auto_generated
 19. Source assignments for core:cpu_core|memory:stage8_memory_system|data_mem:dmem|altsyncram:memory_rtl_0|altsyncram_oqm1:auto_generated
 20. Source assignments for core:cpu_core|bht:stage4_bht|altsyncram:bht_table_rtl_0|altsyncram_qrl1:auto_generated
 21. Source assignments for core:cpu_core|instr_mem:stage2_imem|altsyncram:instruction_memory_rtl_0|altsyncram_eu81:auto_generated
 22. Parameter Settings for User Entity Instance: PLL:pll_inst|altpll:altpll_component
 23. Parameter Settings for Inferred Entity Instance: core:cpu_core|regfile:stage4_regfile|altsyncram:registers_b_rtl_0
 24. Parameter Settings for Inferred Entity Instance: core:cpu_core|regfile:stage4_regfile|altsyncram:registers_a_rtl_0
 25. Parameter Settings for Inferred Entity Instance: core:cpu_core|memory:stage8_memory_system|data_mem:dmem|altsyncram:memory_rtl_0
 26. Parameter Settings for Inferred Entity Instance: core:cpu_core|bht:stage4_bht|altsyncram:bht_table_rtl_0
 27. Parameter Settings for Inferred Entity Instance: core:cpu_core|instr_mem:stage2_imem|altsyncram:instruction_memory_rtl_0
 28. altpll Parameter Settings by Entity Instance
 29. altsyncram Parameter Settings by Entity Instance
 30. Port Connectivity Checks: "core:cpu_core|MEM_WB:stage7_mem_wb_reg"
 31. Port Connectivity Checks: "core:cpu_core|EX2_EX3:stage6_ex2_ex3_reg"
 32. Port Connectivity Checks: "core:cpu_core|RR_EX1:stage4_rr_ex1_reg"
 33. Port Connectivity Checks: "core:cpu_core"
 34. Post-Synthesis Netlist Statistics for Top Partition
 35. Elapsed Time Per Partition
 36. Analysis & Synthesis Messages



----------------
; Legal Notice ;
----------------
Copyright (C) 2025  Altera Corporation. All rights reserved.
Your use of Altera Corporation's design tools, logic functions 
and other software and tools, and any partner logic 
functions, and any output files from any of the foregoing 
(including device programming or simulation files), and any 
associated documentation or information are expressly subject 
to the terms and conditions of the Altera Program License 
Subscription Agreement, the Altera Quartus Prime License Agreement,
the Altera IP License Agreement, or other applicable license
agreement, including, without limitation, that your use is for
the sole purpose of programming logic devices manufactured by
Altera and sold by Altera or its authorized distributors.  Please
refer to the Altera Software License Subscription Agreements 
on the Quartus Prime software download page.



+--------------------------------------------------------------------------------------+
; Analysis & Synthesis Summary                                                         ;
+------------------------------------+-------------------------------------------------+
; Analysis & Synthesis Status        ; Successful - Mon Jul 27 20:46:33 2026           ;
; Quartus Prime Version              ; 24.1std.0 Build 1077 03/04/2025 SC Lite Edition ;
; Revision Name                      ; cpu                                             ;
; Top-level Entity Name              ; top                                             ;
; Family                             ; MAX 10                                          ;
; Total logic elements               ; 2,937                                           ;
;     Total combinational functions  ; 2,681                                           ;
;     Dedicated logic registers      ; 1,303                                           ;
; Total registers                    ; 1303                                            ;
; Total pins                         ; 65                                              ;
; Total virtual pins                 ; 0                                               ;
; Total memory bits                  ; 1,052,672                                       ;
; Embedded Multiplier 9-bit elements ; 0                                               ;
; Total PLLs                         ; 1                                               ;
; UFM blocks                         ; 0                                               ;
; ADC blocks                         ; 0                                               ;
+------------------------------------+-------------------------------------------------+


+------------------------------------------------------------------------------------------------------------+
; Analysis & Synthesis Settings                                                                              ;
+------------------------------------------------------------------+--------------------+--------------------+
; Option                                                           ; Setting            ; Default Value      ;
+------------------------------------------------------------------+--------------------+--------------------+
; Device                                                           ; 10M50DAF484C7G     ;                    ;
; Top-level entity name                                            ; top                ; cpu                ;
; Family name                                                      ; MAX 10             ; Cyclone V          ;
; Maximum processors allowed for parallel compilation              ; All                ;                    ;
; Restructure Multiplexers                                         ; Off                ; Auto               ;
; Use smart compilation                                            ; Off                ; Off                ;
; Enable parallel Assembler and Timing Analyzer during compilation ; On                 ; On                 ;
; Enable compact report table                                      ; Off                ; Off                ;
; Create Debugging Nodes for IP Cores                              ; Off                ; Off                ;
; Preserve fewer node names                                        ; On                 ; On                 ;
; Intel FPGA IP Evaluation Mode                                    ; Enable             ; Enable             ;
; Verilog Version                                                  ; Verilog_2001       ; Verilog_2001       ;
; VHDL Version                                                     ; VHDL_1993          ; VHDL_1993          ;
; State Machine Processing                                         ; Auto               ; Auto               ;
; Safe State Machine                                               ; Off                ; Off                ;
; Extract Verilog State Machines                                   ; On                 ; On                 ;
; Extract VHDL State Machines                                      ; On                 ; On                 ;
; Ignore Verilog initial constructs                                ; Off                ; Off                ;
; Iteration limit for constant Verilog loops                       ; 5000               ; 5000               ;
; Iteration limit for non-constant Verilog loops                   ; 250                ; 250                ;
; Add Pass-Through Logic to Inferred RAMs                          ; On                 ; On                 ;
; Infer RAMs from Raw Logic                                        ; On                 ; On                 ;
; Parallel Synthesis                                               ; On                 ; On                 ;
; DSP Block Balancing                                              ; Auto               ; Auto               ;
; NOT Gate Push-Back                                               ; On                 ; On                 ;
; Power-Up Don't Care                                              ; On                 ; On                 ;
; Remove Redundant Logic Cells                                     ; Off                ; Off                ;
; Remove Duplicate Registers                                       ; On                 ; On                 ;
; Ignore CARRY Buffers                                             ; Off                ; Off                ;
; Ignore CASCADE Buffers                                           ; Off                ; Off                ;
; Ignore GLOBAL Buffers                                            ; Off                ; Off                ;
; Ignore ROW GLOBAL Buffers                                        ; Off                ; Off                ;
; Ignore LCELL Buffers                                             ; Off                ; Off                ;
; Ignore SOFT Buffers                                              ; On                 ; On                 ;
; Limit AHDL Integers to 32 Bits                                   ; Off                ; Off                ;
; Optimization Technique                                           ; Balanced           ; Balanced           ;
; Carry Chain Length                                               ; 70                 ; 70                 ;
; Auto Carry Chains                                                ; On                 ; On                 ;
; Auto Open-Drain Pins                                             ; On                 ; On                 ;
; Perform WYSIWYG Primitive Resynthesis                            ; Off                ; Off                ;
; Auto ROM Replacement                                             ; On                 ; On                 ;
; Auto RAM Replacement                                             ; On                 ; On                 ;
; Auto DSP Block Replacement                                       ; On                 ; On                 ;
; Auto Shift Register Replacement                                  ; Auto               ; Auto               ;
; Allow Shift Register Merging across Hierarchies                  ; Auto               ; Auto               ;
; Auto Clock Enable Replacement                                    ; On                 ; On                 ;
; Strict RAM Replacement                                           ; Off                ; Off                ;
; Allow Synchronous Control Signals                                ; On                 ; On                 ;
; Force Use of Synchronous Clear Signals                           ; Off                ; Off                ;
; Auto RAM Block Balancing                                         ; On                 ; On                 ;
; Auto RAM to Logic Cell Conversion                                ; Off                ; Off                ;
; Auto Resource Sharing                                            ; Off                ; Off                ;
; Allow Any RAM Size For Recognition                               ; Off                ; Off                ;
; Allow Any ROM Size For Recognition                               ; Off                ; Off                ;
; Allow Any Shift Register Size For Recognition                    ; Off                ; Off                ;
; Use LogicLock Constraints during Resource Balancing              ; On                 ; On                 ;
; Ignore translate_off and synthesis_off directives                ; Off                ; Off                ;
; Timing-Driven Synthesis                                          ; On                 ; On                 ;
; Report Parameter Settings                                        ; On                 ; On                 ;
; Report Source Assignments                                        ; On                 ; On                 ;
; Report Connectivity Checks                                       ; On                 ; On                 ;
; Ignore Maximum Fan-Out Assignments                               ; Off                ; Off                ;
; Synchronization Register Chain Length                            ; 2                  ; 2                  ;
; Power Optimization During Synthesis                              ; Normal compilation ; Normal compilation ;
; HDL message level                                                ; Level2             ; Level2             ;
; Suppress Register Optimization Related Messages                  ; Off                ; Off                ;
; Number of Removed Registers Reported in Synthesis Report         ; 5000               ; 5000               ;
; Number of Swept Nodes Reported in Synthesis Report               ; 5000               ; 5000               ;
; Number of Inverted Registers Reported in Synthesis Report        ; 100                ; 100                ;
; Clock MUX Protection                                             ; On                 ; On                 ;
; Auto Gated Clock Conversion                                      ; Off                ; Off                ;
; Block Design Naming                                              ; Auto               ; Auto               ;
; SDC constraint protection                                        ; Off                ; Off                ;
; Synthesis Effort                                                 ; Auto               ; Auto               ;
; Shift Register Replacement - Allow Asynchronous Clear Signal     ; On                 ; On                 ;
; Pre-Mapping Resynthesis Optimization                             ; Off                ; Off                ;
; Analysis & Synthesis Message Level                               ; Medium             ; Medium             ;
; Disable Register Merging Across Hierarchies                      ; Auto               ; Auto               ;
; Resource Aware Inference For Block RAM                           ; On                 ; On                 ;
+------------------------------------------------------------------+--------------------+--------------------+


+------------------------------------------+
; Parallel Compilation                     ;
+----------------------------+-------------+
; Processors                 ; Number      ;
+----------------------------+-------------+
; Number detected on machine ; 16          ;
; Maximum allowed            ; 16          ;
;                            ;             ;
; Average used               ; 1.01        ;
; Maximum used               ; 16          ;
;                            ;             ;
; Usage by Processor         ; % Time Used ;
;     Processor 1            ; 100.0%      ;
;     Processor 2            ;   0.1%      ;
;     Processor 3            ;   0.1%      ;
;     Processor 4            ;   0.1%      ;
;     Processor 5            ;   0.1%      ;
;     Processor 6            ;   0.1%      ;
;     Processor 7            ;   0.1%      ;
;     Processor 8            ;   0.1%      ;
;     Processors 9-16        ;   0.1%      ;
+----------------------------+-------------+


+--------------------------------------------------------------------------------------------------------------------------------------------------------------------------------------------------------------------------------------------+
; Analysis & Synthesis Source Files Read                                                                                                                                                                                                     ;
+-----------------------------------------------------+-----------------+-------------------------------------------------------+--------------------------------------------------------------------------------------------------+---------+
; File Name with User-Entered Path                    ; Used in Netlist ; File Type                                             ; File Name with Absolute Path                                                                     ; Library ;
+-----------------------------------------------------+-----------------+-------------------------------------------------------+--------------------------------------------------------------------------------------------------+---------+
; ../rtl/core/7_ex3_mem/mmio.sv                       ; yes             ; User SystemVerilog HDL File                           ; C:/Rachit/RISC-V_CPU/riscv-cpu/8_stage_pipeline/rtl/core/7_ex3_mem/mmio.sv                       ;         ;
; ../rtl/core/7_ex3_mem/memory.sv                     ; yes             ; User SystemVerilog HDL File                           ; C:/Rachit/RISC-V_CPU/riscv-cpu/8_stage_pipeline/rtl/core/7_ex3_mem/memory.sv                     ;         ;
; ../packages/alu_pkg.sv                              ; yes             ; User SystemVerilog HDL File                           ; C:/Rachit/RISC-V_CPU/riscv-cpu/8_stage_pipeline/packages/alu_pkg.sv                              ;         ;
; ../packages/decoder_pkg.sv                          ; yes             ; User SystemVerilog HDL File                           ; C:/Rachit/RISC-V_CPU/riscv-cpu/8_stage_pipeline/packages/decoder_pkg.sv                          ;         ;
; ../rtl/core/core.sv                                 ; yes             ; User SystemVerilog HDL File                           ; C:/Rachit/RISC-V_CPU/riscv-cpu/8_stage_pipeline/rtl/core/core.sv                                 ;         ;
; ../rtl/core/1_fetch/pc_update.sv                    ; yes             ; User SystemVerilog HDL File                           ; C:/Rachit/RISC-V_CPU/riscv-cpu/8_stage_pipeline/rtl/core/1_fetch/pc_update.sv                    ;         ;
; ../rtl/core/2_imem/instr_mem.sv                     ; yes             ; User SystemVerilog HDL File                           ; C:/Rachit/RISC-V_CPU/riscv-cpu/8_stage_pipeline/rtl/core/2_imem/instr_mem.sv                     ;         ;
; ../rtl/core/3_decode/IF_ID.sv                       ; yes             ; User SystemVerilog HDL File                           ; C:/Rachit/RISC-V_CPU/riscv-cpu/8_stage_pipeline/rtl/core/3_decode/IF_ID.sv                       ;         ;
; ../rtl/core/3_decode/control.sv                     ; yes             ; User SystemVerilog HDL File                           ; C:/Rachit/RISC-V_CPU/riscv-cpu/8_stage_pipeline/rtl/core/3_decode/control.sv                     ;         ;
; ../rtl/core/3_decode/decode.sv                      ; yes             ; User SystemVerilog HDL File                           ; C:/Rachit/RISC-V_CPU/riscv-cpu/8_stage_pipeline/rtl/core/3_decode/decode.sv                      ;         ;
; ../rtl/core/3_decode/ID_RR.sv                       ; yes             ; User SystemVerilog HDL File                           ; C:/Rachit/RISC-V_CPU/riscv-cpu/8_stage_pipeline/rtl/core/3_decode/ID_RR.sv                       ;         ;
; ../rtl/core/3_decode/imm_gen.sv                     ; yes             ; User SystemVerilog HDL File                           ; C:/Rachit/RISC-V_CPU/riscv-cpu/8_stage_pipeline/rtl/core/3_decode/imm_gen.sv                     ;         ;
; ../rtl/core/4_reg_read/regfile.sv                   ; yes             ; User SystemVerilog HDL File                           ; C:/Rachit/RISC-V_CPU/riscv-cpu/8_stage_pipeline/rtl/core/4_reg_read/regfile.sv                   ;         ;
; ../rtl/core/4_reg_read/RR_EX1.sv                    ; yes             ; User SystemVerilog HDL File                           ; C:/Rachit/RISC-V_CPU/riscv-cpu/8_stage_pipeline/rtl/core/4_reg_read/RR_EX1.sv                    ;         ;
; ../rtl/core/5_ex1/data_sel.sv                       ; yes             ; User SystemVerilog HDL File                           ; C:/Rachit/RISC-V_CPU/riscv-cpu/8_stage_pipeline/rtl/core/5_ex1/data_sel.sv                       ;         ;
; ../rtl/core/5_ex1/EX1_EX2.sv                        ; yes             ; User SystemVerilog HDL File                           ; C:/Rachit/RISC-V_CPU/riscv-cpu/8_stage_pipeline/rtl/core/5_ex1/EX1_EX2.sv                        ;         ;
; ../rtl/core/6_ex2/alu.sv                            ; yes             ; User SystemVerilog HDL File                           ; C:/Rachit/RISC-V_CPU/riscv-cpu/8_stage_pipeline/rtl/core/6_ex2/alu.sv                            ;         ;
; ../rtl/core/6_ex2/branch_eval.sv                    ; yes             ; User SystemVerilog HDL File                           ; C:/Rachit/RISC-V_CPU/riscv-cpu/8_stage_pipeline/rtl/core/6_ex2/branch_eval.sv                    ;         ;
; ../rtl/core/6_ex2/EX2_EX3.sv                        ; yes             ; User SystemVerilog HDL File                           ; C:/Rachit/RISC-V_CPU/riscv-cpu/8_stage_pipeline/rtl/core/6_ex2/EX2_EX3.sv                        ;         ;
; ../rtl/core/7_ex3_mem/pc_target_calc.sv             ; yes             ; User SystemVerilog HDL File                           ; C:/Rachit/RISC-V_CPU/riscv-cpu/8_stage_pipeline/rtl/core/7_ex3_mem/pc_target_calc.sv             ;         ;
; ../rtl/core/7_ex3_mem/MEM_WB.sv                     ; yes             ; User SystemVerilog HDL File                           ; C:/Rachit/RISC-V_CPU/riscv-cpu/8_stage_pipeline/rtl/core/7_ex3_mem/MEM_WB.sv                     ;         ;
; ../rtl/core/7_ex3_mem/data_mem.sv                   ; yes             ; User SystemVerilog HDL File                           ; C:/Rachit/RISC-V_CPU/riscv-cpu/8_stage_pipeline/rtl/core/7_ex3_mem/data_mem.sv                   ;         ;
; ../rtl/core/8_wb/writeback.sv                       ; yes             ; User SystemVerilog HDL File                           ; C:/Rachit/RISC-V_CPU/riscv-cpu/8_stage_pipeline/rtl/core/8_wb/writeback.sv                       ;         ;
; ../rtl/core/hazard_control/forwarding_unit.sv       ; yes             ; User SystemVerilog HDL File                           ; C:/Rachit/RISC-V_CPU/riscv-cpu/8_stage_pipeline/rtl/core/hazard_control/forwarding_unit.sv       ;         ;
; ../rtl/core/hazard_control/hazard_detection_unit.sv ; yes             ; User SystemVerilog HDL File                           ; C:/Rachit/RISC-V_CPU/riscv-cpu/8_stage_pipeline/rtl/core/hazard_control/hazard_detection_unit.sv ;         ;
; PLL.v                                               ; yes             ; User Wizard-Generated File                            ; C:/Rachit/RISC-V_CPU/riscv-cpu/8_stage_pipeline/fpga/PLL.v                                       ;         ;
; top.sv                                              ; yes             ; User SystemVerilog HDL File                           ; C:/Rachit/RISC-V_CPU/riscv-cpu/8_stage_pipeline/fpga/top.sv                                      ;         ;
; program.hex                                         ; yes             ; User Hexadecimal (Intel-Format) File                  ; C:/Rachit/RISC-V_CPU/riscv-cpu/8_stage_pipeline/fpga/program.hex                                 ;         ;
; ../rtl/core/4_reg_read/bht.sv                       ; yes             ; User SystemVerilog HDL File                           ; C:/Rachit/RISC-V_CPU/riscv-cpu/8_stage_pipeline/rtl/core/4_reg_read/bht.sv                       ;         ;
; altpll.tdf                                          ; yes             ; Megafunction                                          ; c:/altera_lite/24.1std/quartus/libraries/megafunctions/altpll.tdf                                ;         ;
; aglobal241.inc                                      ; yes             ; Megafunction                                          ; c:/altera_lite/24.1std/quartus/libraries/megafunctions/aglobal241.inc                            ;         ;
; stratix_pll.inc                                     ; yes             ; Megafunction                                          ; c:/altera_lite/24.1std/quartus/libraries/megafunctions/stratix_pll.inc                           ;         ;
; stratixii_pll.inc                                   ; yes             ; Megafunction                                          ; c:/altera_lite/24.1std/quartus/libraries/megafunctions/stratixii_pll.inc                         ;         ;
; cycloneii_pll.inc                                   ; yes             ; Megafunction                                          ; c:/altera_lite/24.1std/quartus/libraries/megafunctions/cycloneii_pll.inc                         ;         ;
; db/altpll_qdb2.tdf                                  ; yes             ; Auto-Generated Megafunction                           ; C:/Rachit/RISC-V_CPU/riscv-cpu/8_stage_pipeline/fpga/db/altpll_qdb2.tdf                          ;         ;
; db/cntr_ocd.tdf                                     ; yes             ; Auto-Generated Megafunction                           ; C:/Rachit/RISC-V_CPU/riscv-cpu/8_stage_pipeline/fpga/db/cntr_ocd.tdf                             ;         ;
; db/cmpr_erb.tdf                                     ; yes             ; Auto-Generated Megafunction                           ; C:/Rachit/RISC-V_CPU/riscv-cpu/8_stage_pipeline/fpga/db/cmpr_erb.tdf                             ;         ;
; db/cntr_uqd.tdf                                     ; yes             ; Auto-Generated Megafunction                           ; C:/Rachit/RISC-V_CPU/riscv-cpu/8_stage_pipeline/fpga/db/cntr_uqd.tdf                             ;         ;
; db/cmpr_frb.tdf                                     ; yes             ; Auto-Generated Megafunction                           ; C:/Rachit/RISC-V_CPU/riscv-cpu/8_stage_pipeline/fpga/db/cmpr_frb.tdf                             ;         ;
; altsyncram.tdf                                      ; yes             ; Megafunction                                          ; c:/altera_lite/24.1std/quartus/libraries/megafunctions/altsyncram.tdf                            ;         ;
; stratix_ram_block.inc                               ; yes             ; Megafunction                                          ; c:/altera_lite/24.1std/quartus/libraries/megafunctions/stratix_ram_block.inc                     ;         ;
; lpm_mux.inc                                         ; yes             ; Megafunction                                          ; c:/altera_lite/24.1std/quartus/libraries/megafunctions/lpm_mux.inc                               ;         ;
; lpm_decode.inc                                      ; yes             ; Megafunction                                          ; c:/altera_lite/24.1std/quartus/libraries/megafunctions/lpm_decode.inc                            ;         ;
; a_rdenreg.inc                                       ; yes             ; Megafunction                                          ; c:/altera_lite/24.1std/quartus/libraries/megafunctions/a_rdenreg.inc                             ;         ;
; altrom.inc                                          ; yes             ; Megafunction                                          ; c:/altera_lite/24.1std/quartus/libraries/megafunctions/altrom.inc                                ;         ;
; altram.inc                                          ; yes             ; Megafunction                                          ; c:/altera_lite/24.1std/quartus/libraries/megafunctions/altram.inc                                ;         ;
; altdpram.inc                                        ; yes             ; Megafunction                                          ; c:/altera_lite/24.1std/quartus/libraries/megafunctions/altdpram.inc                              ;         ;
; db/altsyncram_uam1.tdf                              ; yes             ; Auto-Generated Megafunction                           ; C:/Rachit/RISC-V_CPU/riscv-cpu/8_stage_pipeline/fpga/db/altsyncram_uam1.tdf                      ;         ;
; db/cpu.ram1_regfile_4c9f4da2.hdl.mif                ; yes             ; Auto-Generated Auto-Found Memory Initialization File  ; C:/Rachit/RISC-V_CPU/riscv-cpu/8_stage_pipeline/fpga/db/cpu.ram1_regfile_4c9f4da2.hdl.mif        ;         ;
; db/altsyncram_tam1.tdf                              ; yes             ; Auto-Generated Megafunction                           ; C:/Rachit/RISC-V_CPU/riscv-cpu/8_stage_pipeline/fpga/db/altsyncram_tam1.tdf                      ;         ;
; db/cpu.ram0_regfile_4c9f4da2.hdl.mif                ; yes             ; Auto-Generated Auto-Found Memory Initialization File  ; C:/Rachit/RISC-V_CPU/riscv-cpu/8_stage_pipeline/fpga/db/cpu.ram0_regfile_4c9f4da2.hdl.mif        ;         ;
; db/altsyncram_oqm1.tdf                              ; yes             ; Auto-Generated Megafunction                           ; C:/Rachit/RISC-V_CPU/riscv-cpu/8_stage_pipeline/fpga/db/altsyncram_oqm1.tdf                      ;         ;
; db/cpu.ram0_data_mem_73ff31ea.hdl.mif               ; yes             ; Auto-Generated Auto-Found Memory Initialization File  ; C:/Rachit/RISC-V_CPU/riscv-cpu/8_stage_pipeline/fpga/db/cpu.ram0_data_mem_73ff31ea.hdl.mif       ;         ;
; db/decode_97a.tdf                                   ; yes             ; Auto-Generated Megafunction                           ; C:/Rachit/RISC-V_CPU/riscv-cpu/8_stage_pipeline/fpga/db/decode_97a.tdf                           ;         ;
; db/mux_63b.tdf                                      ; yes             ; Auto-Generated Megafunction                           ; C:/Rachit/RISC-V_CPU/riscv-cpu/8_stage_pipeline/fpga/db/mux_63b.tdf                              ;         ;
; db/altsyncram_qrl1.tdf                              ; yes             ; Auto-Generated Megafunction                           ; C:/Rachit/RISC-V_CPU/riscv-cpu/8_stage_pipeline/fpga/db/altsyncram_qrl1.tdf                      ;         ;
; db/cpu.ram0_bht_19b7e.hdl.mif                       ; yes             ; Auto-Generated Auto-Found Memory Initialization File  ; C:/Rachit/RISC-V_CPU/riscv-cpu/8_stage_pipeline/fpga/db/cpu.ram0_bht_19b7e.hdl.mif               ;         ;
; db/altsyncram_eu81.tdf                              ; yes             ; Auto-Generated Megafunction                           ; C:/Rachit/RISC-V_CPU/riscv-cpu/8_stage_pipeline/fpga/db/altsyncram_eu81.tdf                      ;         ;
; db/cpu.ram0_instr_mem_8ff0214b.hdl.mif              ; yes             ; Auto-Generated Auto-Found Memory Initialization File  ; C:/Rachit/RISC-V_CPU/riscv-cpu/8_stage_pipeline/fpga/db/cpu.ram0_instr_mem_8ff0214b.hdl.mif      ;         ;
+-----------------------------------------------------+-----------------+-------------------------------------------------------+--------------------------------------------------------------------------------------------------+---------+


+----------------------------------------------------------------------------------------------------------------------+
; Analysis & Synthesis Resource Usage Summary                                                                          ;
+---------------------------------------------+------------------------------------------------------------------------+
; Resource                                    ; Usage                                                                  ;
+---------------------------------------------+------------------------------------------------------------------------+
; Estimated Total logic elements              ; 2,937                                                                  ;
;                                             ;                                                                        ;
; Total combinational functions               ; 2681                                                                   ;
; Logic element usage by number of LUT inputs ;                                                                        ;
;     -- 4 input functions                    ; 1406                                                                   ;
;     -- 3 input functions                    ; 1086                                                                   ;
;     -- <=2 input functions                  ; 189                                                                    ;
;                                             ;                                                                        ;
; Logic elements by mode                      ;                                                                        ;
;     -- normal mode                          ; 2497                                                                   ;
;     -- arithmetic mode                      ; 184                                                                    ;
;                                             ;                                                                        ;
; Total registers                             ; 1303                                                                   ;
;     -- Dedicated logic registers            ; 1303                                                                   ;
;     -- I/O registers                        ; 0                                                                      ;
;                                             ;                                                                        ;
; I/O pins                                    ; 65                                                                     ;
; Total memory bits                           ; 1052672                                                                ;
;                                             ;                                                                        ;
; Embedded Multiplier 9-bit elements          ; 0                                                                      ;
;                                             ;                                                                        ;
; Total PLLs                                  ; 1                                                                      ;
;     -- PLLs                                 ; 1                                                                      ;
;                                             ;                                                                        ;
; Maximum fan-out node                        ; PLL:pll_inst|altpll:altpll_component|altpll_qdb2:auto_generated|clk[0] ;
; Maximum fan-out                             ; 1498                                                                   ;
; Total fan-out                               ; 16169                                                                  ;
; Average fan-out                             ; 3.75                                                                   ;
+---------------------------------------------+------------------------------------------------------------------------+


+--------------------------------------------------------------------------------------------------------------------------------------------------------------------------------------------------------------------------------------------------------------------------------------------------------------------------------------------------------------------------------------+
; Analysis & Synthesis Resource Utilization by Entity                                                                                                                                                                                                                                                                                                                                  ;
+-------------------------------------------------+---------------------+---------------------------+-------------+------------+--------------+---------+-----------+------+--------------+------------+----------------------------------------------------------------------------------------------------------------------------------------+-----------------------+--------------+
; Compilation Hierarchy Node                      ; Combinational ALUTs ; Dedicated Logic Registers ; Memory Bits ; UFM Blocks ; DSP Elements ; DSP 9x9 ; DSP 18x18 ; Pins ; Virtual Pins ; ADC blocks ; Full Hierarchy Name                                                                                                                    ; Entity Name           ; Library Name ;
+-------------------------------------------------+---------------------+---------------------------+-------------+------------+--------------+---------+-----------+------+--------------+------------+----------------------------------------------------------------------------------------------------------------------------------------+-----------------------+--------------+
; |top                                            ; 2681 (1)            ; 1303 (4)                  ; 1052672     ; 0          ; 0            ; 0       ; 0         ; 65   ; 0            ; 0          ; |top                                                                                                                                   ;                       ;              ;
;    |PLL:pll_inst|                               ; 0 (0)               ; 0 (0)                     ; 0           ; 0          ; 0            ; 0       ; 0         ; 0    ; 0            ; 0          ; |top|PLL:pll_inst                                                                                                                      ; PLL                   ; work         ;
;       |altpll:altpll_component|                 ; 0 (0)               ; 0 (0)                     ; 0           ; 0          ; 0            ; 0       ; 0         ; 0    ; 0            ; 0          ; |top|PLL:pll_inst|altpll:altpll_component                                                                                              ; altpll                ; work         ;
;          |altpll_qdb2:auto_generated|           ; 0 (0)               ; 0 (0)                     ; 0           ; 0          ; 0            ; 0       ; 0         ; 0    ; 0            ; 0          ; |top|PLL:pll_inst|altpll:altpll_component|altpll_qdb2:auto_generated                                                                   ; altpll_qdb2           ; work         ;
;    |core:cpu_core|                              ; 2638 (68)           ; 1299 (0)                  ; 1052672     ; 0          ; 0            ; 0       ; 0         ; 0    ; 0            ; 0          ; |top|core:cpu_core                                                                                                                     ; core                  ; work         ;
;       |EX1_EX2:stage5_ex1_ex2_reg|              ; 141 (141)           ; 189 (189)                 ; 0           ; 0          ; 0            ; 0       ; 0         ; 0    ; 0            ; 0          ; |top|core:cpu_core|EX1_EX2:stage5_ex1_ex2_reg                                                                                          ; EX1_EX2               ; work         ;
;       |EX2_EX3:stage6_ex2_ex3_reg|              ; 186 (186)           ; 185 (185)                 ; 0           ; 0          ; 0            ; 0       ; 0         ; 0    ; 0            ; 0          ; |top|core:cpu_core|EX2_EX3:stage6_ex2_ex3_reg                                                                                          ; EX2_EX3               ; work         ;
;       |ID_RR:stage3_id_rr_reg|                  ; 146 (146)           ; 125 (125)                 ; 0           ; 0          ; 0            ; 0       ; 0         ; 0    ; 0            ; 0          ; |top|core:cpu_core|ID_RR:stage3_id_rr_reg                                                                                              ; ID_RR                 ; work         ;
;       |IF_ID:stage3_if_id_reg|                  ; 190 (190)           ; 94 (94)                   ; 0           ; 0          ; 0            ; 0       ; 0         ; 0    ; 0            ; 0          ; |top|core:cpu_core|IF_ID:stage3_if_id_reg                                                                                              ; IF_ID                 ; work         ;
;       |MEM_WB:stage7_mem_wb_reg|                ; 39 (39)             ; 71 (71)                   ; 0           ; 0          ; 0            ; 0       ; 0         ; 0    ; 0            ; 0          ; |top|core:cpu_core|MEM_WB:stage7_mem_wb_reg                                                                                            ; MEM_WB                ; work         ;
;       |RR_EX1:stage4_rr_ex1_reg|                ; 147 (147)           ; 151 (151)                 ; 0           ; 0          ; 0            ; 0       ; 0         ; 0    ; 0            ; 0          ; |top|core:cpu_core|RR_EX1:stage4_rr_ex1_reg                                                                                            ; RR_EX1                ; work         ;
;       |alu:stage6_alu|                          ; 715 (715)           ; 0 (0)                     ; 0           ; 0          ; 0            ; 0       ; 0         ; 0    ; 0            ; 0          ; |top|core:cpu_core|alu:stage6_alu                                                                                                      ; alu                   ; work         ;
;       |bht:stage4_bht|                          ; 10 (10)             ; 27 (27)                   ; 2048        ; 0          ; 0            ; 0       ; 0         ; 0    ; 0            ; 0          ; |top|core:cpu_core|bht:stage4_bht                                                                                                      ; bht                   ; work         ;
;          |altsyncram:bht_table_rtl_0|           ; 0 (0)               ; 0 (0)                     ; 2048        ; 0          ; 0            ; 0       ; 0         ; 0    ; 0            ; 0          ; |top|core:cpu_core|bht:stage4_bht|altsyncram:bht_table_rtl_0                                                                           ; altsyncram            ; work         ;
;             |altsyncram_qrl1:auto_generated|    ; 0 (0)               ; 0 (0)                     ; 2048        ; 0          ; 0            ; 0       ; 0         ; 0    ; 0            ; 0          ; |top|core:cpu_core|bht:stage4_bht|altsyncram:bht_table_rtl_0|altsyncram_qrl1:auto_generated                                            ; altsyncram_qrl1       ; work         ;
;       |branch_eval:stage6_branch_eval|          ; 27 (27)             ; 0 (0)                     ; 0           ; 0          ; 0            ; 0       ; 0         ; 0    ; 0            ; 0          ; |top|core:cpu_core|branch_eval:stage6_branch_eval                                                                                      ; branch_eval           ; work         ;
;       |data_sel:stage5_data_sel|                ; 164 (164)           ; 0 (0)                     ; 0           ; 0          ; 0            ; 0       ; 0         ; 0    ; 0            ; 0          ; |top|core:cpu_core|data_sel:stage5_data_sel                                                                                            ; data_sel              ; work         ;
;       |decode:stage3_decode|                    ; 75 (0)              ; 0 (0)                     ; 0           ; 0          ; 0            ; 0       ; 0         ; 0    ; 0            ; 0          ; |top|core:cpu_core|decode:stage3_decode                                                                                                ; decode                ; work         ;
;          |control:ctrl|                         ; 14 (14)             ; 0 (0)                     ; 0           ; 0          ; 0            ; 0       ; 0         ; 0    ; 0            ; 0          ; |top|core:cpu_core|decode:stage3_decode|control:ctrl                                                                                   ; control               ; work         ;
;          |imm_gen:ig|                           ; 61 (61)             ; 0 (0)                     ; 0           ; 0          ; 0            ; 0       ; 0         ; 0    ; 0            ; 0          ; |top|core:cpu_core|decode:stage3_decode|imm_gen:ig                                                                                     ; imm_gen               ; work         ;
;       |forwarding_unit:fwd_unit|                ; 32 (32)             ; 0 (0)                     ; 0           ; 0          ; 0            ; 0       ; 0         ; 0    ; 0            ; 0          ; |top|core:cpu_core|forwarding_unit:fwd_unit                                                                                            ; forwarding_unit       ; work         ;
;       |hazard_detection_unit:hazard_unit|       ; 23 (23)             ; 0 (0)                     ; 0           ; 0          ; 0            ; 0       ; 0         ; 0    ; 0            ; 0          ; |top|core:cpu_core|hazard_detection_unit:hazard_unit                                                                                   ; hazard_detection_unit ; work         ;
;       |instr_mem:stage2_imem|                   ; 2 (2)               ; 63 (62)                   ; 524288      ; 0          ; 0            ; 0       ; 0         ; 0    ; 0            ; 0          ; |top|core:cpu_core|instr_mem:stage2_imem                                                                                               ; instr_mem             ; work         ;
;          |altsyncram:instruction_memory_rtl_0|  ; 0 (0)               ; 1 (0)                     ; 524288      ; 0          ; 0            ; 0       ; 0         ; 0    ; 0            ; 0          ; |top|core:cpu_core|instr_mem:stage2_imem|altsyncram:instruction_memory_rtl_0                                                           ; altsyncram            ; work         ;
;             |altsyncram_eu81:auto_generated|    ; 0 (0)               ; 1 (1)                     ; 524288      ; 0          ; 0            ; 0       ; 0         ; 0    ; 0            ; 0          ; |top|core:cpu_core|instr_mem:stage2_imem|altsyncram:instruction_memory_rtl_0|altsyncram_eu81:auto_generated                            ; altsyncram_eu81       ; work         ;
;       |memory:stage8_memory_system|             ; 308 (2)             ; 148 (1)                   ; 524288      ; 0          ; 0            ; 0       ; 0         ; 0    ; 0            ; 0          ; |top|core:cpu_core|memory:stage8_memory_system                                                                                         ; memory                ; work         ;
;          |data_mem:dmem|                        ; 260 (258)           ; 103 (102)                 ; 524288      ; 0          ; 0            ; 0       ; 0         ; 0    ; 0            ; 0          ; |top|core:cpu_core|memory:stage8_memory_system|data_mem:dmem                                                                           ; data_mem              ; work         ;
;             |altsyncram:memory_rtl_0|           ; 2 (0)               ; 1 (0)                     ; 524288      ; 0          ; 0            ; 0       ; 0         ; 0    ; 0            ; 0          ; |top|core:cpu_core|memory:stage8_memory_system|data_mem:dmem|altsyncram:memory_rtl_0                                                   ; altsyncram            ; work         ;
;                |altsyncram_oqm1:auto_generated| ; 2 (0)               ; 1 (1)                     ; 524288      ; 0          ; 0            ; 0       ; 0         ; 0    ; 0            ; 0          ; |top|core:cpu_core|memory:stage8_memory_system|data_mem:dmem|altsyncram:memory_rtl_0|altsyncram_oqm1:auto_generated                    ; altsyncram_oqm1       ; work         ;
;                   |decode_97a:decode2|          ; 2 (2)               ; 0 (0)                     ; 0           ; 0          ; 0            ; 0       ; 0         ; 0    ; 0            ; 0          ; |top|core:cpu_core|memory:stage8_memory_system|data_mem:dmem|altsyncram:memory_rtl_0|altsyncram_oqm1:auto_generated|decode_97a:decode2 ; decode_97a            ; work         ;
;          |mmio:mmio_inst|                       ; 46 (46)             ; 44 (44)                   ; 0           ; 0          ; 0            ; 0       ; 0         ; 0    ; 0            ; 0          ; |top|core:cpu_core|memory:stage8_memory_system|mmio:mmio_inst                                                                          ; mmio                  ; work         ;
;       |pc_target_calc:stage7_calc|              ; 2 (2)               ; 0 (0)                     ; 0           ; 0          ; 0            ; 0       ; 0         ; 0    ; 0            ; 0          ; |top|core:cpu_core|pc_target_calc:stage7_calc                                                                                          ; pc_target_calc        ; work         ;
;       |pc_update:stage1_fetch|                  ; 155 (155)           ; 32 (32)                   ; 0           ; 0          ; 0            ; 0       ; 0         ; 0    ; 0            ; 0          ; |top|core:cpu_core|pc_update:stage1_fetch                                                                                              ; pc_update             ; work         ;
;       |regfile:stage4_regfile|                  ; 176 (176)           ; 214 (214)                 ; 2048        ; 0          ; 0            ; 0       ; 0         ; 0    ; 0            ; 0          ; |top|core:cpu_core|regfile:stage4_regfile                                                                                              ; regfile               ; work         ;
;          |altsyncram:registers_a_rtl_0|         ; 0 (0)               ; 0 (0)                     ; 1024        ; 0          ; 0            ; 0       ; 0         ; 0    ; 0            ; 0          ; |top|core:cpu_core|regfile:stage4_regfile|altsyncram:registers_a_rtl_0                                                                 ; altsyncram            ; work         ;
;             |altsyncram_tam1:auto_generated|    ; 0 (0)               ; 0 (0)                     ; 1024        ; 0          ; 0            ; 0       ; 0         ; 0    ; 0            ; 0          ; |top|core:cpu_core|regfile:stage4_regfile|altsyncram:registers_a_rtl_0|altsyncram_tam1:auto_generated                                  ; altsyncram_tam1       ; work         ;
;          |altsyncram:registers_b_rtl_0|         ; 0 (0)               ; 0 (0)                     ; 1024        ; 0          ; 0            ; 0       ; 0         ; 0    ; 0            ; 0          ; |top|core:cpu_core|regfile:stage4_regfile|altsyncram:registers_b_rtl_0                                                                 ; altsyncram            ; work         ;
;             |altsyncram_uam1:auto_generated|    ; 0 (0)               ; 0 (0)                     ; 1024        ; 0          ; 0            ; 0       ; 0         ; 0    ; 0            ; 0          ; |top|core:cpu_core|regfile:stage4_regfile|altsyncram:registers_b_rtl_0|altsyncram_uam1:auto_generated                                  ; altsyncram_uam1       ; work         ;
;       |writeback:stage8_wb|                     ; 32 (32)             ; 0 (0)                     ; 0           ; 0          ; 0            ; 0       ; 0         ; 0    ; 0            ; 0          ; |top|core:cpu_core|writeback:stage8_wb                                                                                                 ; writeback             ; work         ;
;    |seven_seg_decoder:h0|                       ; 7 (7)               ; 0 (0)                     ; 0           ; 0          ; 0            ; 0       ; 0         ; 0    ; 0            ; 0          ; |top|seven_seg_decoder:h0                                                                                                              ; seven_seg_decoder     ; work         ;
;    |seven_seg_decoder:h1|                       ; 7 (7)               ; 0 (0)                     ; 0           ; 0          ; 0            ; 0       ; 0         ; 0    ; 0            ; 0          ; |top|seven_seg_decoder:h1                                                                                                              ; seven_seg_decoder     ; work         ;
;    |seven_seg_decoder:h2|                       ; 7 (7)               ; 0 (0)                     ; 0           ; 0          ; 0            ; 0       ; 0         ; 0    ; 0            ; 0          ; |top|seven_seg_decoder:h2                                                                                                              ; seven_seg_decoder     ; work         ;
;    |seven_seg_decoder:h3|                       ; 7 (7)               ; 0 (0)                     ; 0           ; 0          ; 0            ; 0       ; 0         ; 0    ; 0            ; 0          ; |top|seven_seg_decoder:h3                                                                                                              ; seven_seg_decoder     ; work         ;
;    |seven_seg_decoder:h4|                       ; 7 (7)               ; 0 (0)                     ; 0           ; 0          ; 0            ; 0       ; 0         ; 0    ; 0            ; 0          ; |top|seven_seg_decoder:h4                                                                                                              ; seven_seg_decoder     ; work         ;
;    |seven_seg_decoder:h5|                       ; 7 (7)               ; 0 (0)                     ; 0           ; 0          ; 0            ; 0       ; 0         ; 0    ; 0            ; 0          ; |top|seven_seg_decoder:h5                                                                                                              ; seven_seg_decoder     ; work         ;
+-------------------------------------------------+---------------------+---------------------------+-------------+------------+--------------+---------+-----------+------+--------------+------------+----------------------------------------------------------------------------------------------------------------------------------------+-----------------------+--------------+
Note: For table entries with two numbers listed, the numbers in parentheses indicate the number of resources of the given type used by the specific entity alone. The numbers listed outside of parentheses indicate the total resources of the given type used by the specific entity and all of its sub-entities in the hierarchy.


+-------------------------------------------------------------------------------------------------------------------------------------------------------------------------------------------------------------------------------------------------------------------+
; Analysis & Synthesis RAM Summary                                                                                                                                                                                                                                  ;
+---------------------------------------------------------------------------------------------------------------------------+------+------------------+--------------+--------------+--------------+--------------+--------+----------------------------------------+
; Name                                                                                                                      ; Type ; Mode             ; Port A Depth ; Port A Width ; Port B Depth ; Port B Width ; Size   ; MIF                                    ;
+---------------------------------------------------------------------------------------------------------------------------+------+------------------+--------------+--------------+--------------+--------------+--------+----------------------------------------+
; core:cpu_core|bht:stage4_bht|altsyncram:bht_table_rtl_0|altsyncram_qrl1:auto_generated|ALTSYNCRAM                         ; M9K  ; Simple Dual Port ; 1024         ; 2            ; 1024         ; 2            ; 2048   ; db/cpu.ram0_bht_19b7e.hdl.mif          ;
; core:cpu_core|instr_mem:stage2_imem|altsyncram:instruction_memory_rtl_0|altsyncram_eu81:auto_generated|ALTSYNCRAM         ; M9K  ; ROM              ; 16384        ; 32           ; --           ; --           ; 524288 ; db/cpu.ram0_instr_mem_8ff0214b.hdl.mif ;
; core:cpu_core|memory:stage8_memory_system|data_mem:dmem|altsyncram:memory_rtl_0|altsyncram_oqm1:auto_generated|ALTSYNCRAM ; M9K  ; Simple Dual Port ; 16384        ; 32           ; 16384        ; 32           ; 524288 ; db/cpu.ram0_data_mem_73ff31ea.hdl.mif  ;
; core:cpu_core|regfile:stage4_regfile|altsyncram:registers_a_rtl_0|altsyncram_tam1:auto_generated|ALTSYNCRAM               ; M9K  ; Simple Dual Port ; 32           ; 32           ; 32           ; 32           ; 1024   ; db/cpu.ram0_regfile_4c9f4da2.hdl.mif   ;
; core:cpu_core|regfile:stage4_regfile|altsyncram:registers_b_rtl_0|altsyncram_uam1:auto_generated|ALTSYNCRAM               ; M9K  ; Simple Dual Port ; 32           ; 32           ; 32           ; 32           ; 1024   ; db/cpu.ram1_regfile_4c9f4da2.hdl.mif   ;
+---------------------------------------------------------------------------------------------------------------------------+------+------------------+--------------+--------------+--------------+--------------+--------+----------------------------------------+


+-------------------------------------------------------------------------------------------------------------------------------------------------------------------------------------------------+
; Registers Removed During Synthesis                                                                                                                                                              ;
+-----------------------------------------------------------------------------------------------------------------------+-------------------------------------------------------------------------+
; Register name                                                                                                         ; Reason for Removal                                                      ;
+-----------------------------------------------------------------------------------------------------------------------+-------------------------------------------------------------------------+
; core:cpu_core|memory:stage8_memory_system|mmio:mmio_inst|read_data[10..31]                                            ; Stuck at GND due to stuck port data_in                                  ;
; PLL:pll_inst|altpll:altpll_component|altpll_qdb2:auto_generated|internal_phasestep                                    ; Stuck at GND due to stuck port clock                                    ;
; PLL:pll_inst|altpll:altpll_component|altpll_qdb2:auto_generated|phasedone_state                                       ; Stuck at GND due to stuck port clock                                    ;
; PLL:pll_inst|altpll:altpll_component|altpll_qdb2:auto_generated|pll_internal_phasestep_reg                            ; Stuck at GND due to stuck port clock                                    ;
; PLL:pll_inst|altpll:altpll_component|altpll_qdb2:auto_generated|cntr_uqd:pll_internal_phasestep|counter_reg_bit[0..2] ; Stuck at GND due to stuck port clock                                    ;
; PLL:pll_inst|altpll:altpll_component|altpll_qdb2:auto_generated|cntr_ocd:phasestep_counter|counter_reg_bit[0,1]       ; Stuck at GND due to stuck port clock                                    ;
; core:cpu_core|memory:stage8_memory_system|data_mem:dmem|read_addr_reg[31]                                             ; Merged with core:cpu_core|memory:stage8_memory_system|is_mmio_reg       ;
; core:cpu_core|ID_RR:stage3_id_rr_reg|mem_size_out[0]                                                                  ; Merged with core:cpu_core|ID_RR:stage3_id_rr_reg|branch_type_out[0]     ;
; core:cpu_core|ID_RR:stage3_id_rr_reg|mem_size_out[1]                                                                  ; Merged with core:cpu_core|ID_RR:stage3_id_rr_reg|branch_type_out[1]     ;
; core:cpu_core|ID_RR:stage3_id_rr_reg|wb_sel_out[1]                                                                    ; Merged with core:cpu_core|ID_RR:stage3_id_rr_reg|jump_out               ;
; core:cpu_core|ID_RR:stage3_id_rr_reg|mem_read_out                                                                     ; Merged with core:cpu_core|ID_RR:stage3_id_rr_reg|wb_sel_out[0]          ;
; core:cpu_core|instr_mem:stage2_imem|pc_reg[0]                                                                         ; Merged with core:cpu_core|instr_mem:stage2_imem|pc_plus_4_reg[0]        ;
; core:cpu_core|instr_mem:stage2_imem|pc_reg[1]                                                                         ; Merged with core:cpu_core|instr_mem:stage2_imem|pc_plus_4_reg[1]        ;
; core:cpu_core|ID_RR:stage3_id_rr_reg|mem_unsigned_out                                                                 ; Merged with core:cpu_core|ID_RR:stage3_id_rr_reg|branch_type_out[2]     ;
; core:cpu_core|IF_ID:stage3_if_id_reg|pc_out[0]                                                                        ; Merged with core:cpu_core|IF_ID:stage3_if_id_reg|pc_plus_4_out[0]       ;
; core:cpu_core|IF_ID:stage3_if_id_reg|pc_out[1]                                                                        ; Merged with core:cpu_core|IF_ID:stage3_if_id_reg|pc_plus_4_out[1]       ;
; core:cpu_core|ID_RR:stage3_id_rr_reg|pc_out[0]                                                                        ; Merged with core:cpu_core|ID_RR:stage3_id_rr_reg|pc_plus_4_out[0]       ;
; core:cpu_core|ID_RR:stage3_id_rr_reg|pc_out[1]                                                                        ; Merged with core:cpu_core|ID_RR:stage3_id_rr_reg|pc_plus_4_out[1]       ;
; core:cpu_core|EX1_EX2:stage5_ex1_ex2_reg|mem_unsigned_out                                                             ; Merged with core:cpu_core|EX1_EX2:stage5_ex1_ex2_reg|branch_type_out[2] ;
; core:cpu_core|EX1_EX2:stage5_ex1_ex2_reg|mem_size_out[1]                                                              ; Merged with core:cpu_core|EX1_EX2:stage5_ex1_ex2_reg|branch_type_out[1] ;
; core:cpu_core|EX1_EX2:stage5_ex1_ex2_reg|mem_size_out[0]                                                              ; Merged with core:cpu_core|EX1_EX2:stage5_ex1_ex2_reg|branch_type_out[0] ;
; core:cpu_core|RR_EX1:stage4_rr_ex1_reg|pc_plus_4_out[1]                                                               ; Merged with core:cpu_core|RR_EX1:stage4_rr_ex1_reg|pc_out[1]            ;
; core:cpu_core|RR_EX1:stage4_rr_ex1_reg|pc_plus_4_out[0]                                                               ; Merged with core:cpu_core|RR_EX1:stage4_rr_ex1_reg|pc_out[0]            ;
; core:cpu_core|EX1_EX2:stage5_ex1_ex2_reg|wb_sel_out[0]                                                                ; Merged with core:cpu_core|EX1_EX2:stage5_ex1_ex2_reg|mem_read_out       ;
; core:cpu_core|RR_EX1:stage4_rr_ex1_reg|wb_sel_out[0]                                                                  ; Merged with core:cpu_core|RR_EX1:stage4_rr_ex1_reg|mem_read_out         ;
; core:cpu_core|RR_EX1:stage4_rr_ex1_reg|mem_unsigned_out                                                               ; Merged with core:cpu_core|RR_EX1:stage4_rr_ex1_reg|branch_type_out[2]   ;
; core:cpu_core|RR_EX1:stage4_rr_ex1_reg|mem_size_out[1]                                                                ; Merged with core:cpu_core|RR_EX1:stage4_rr_ex1_reg|branch_type_out[1]   ;
; core:cpu_core|RR_EX1:stage4_rr_ex1_reg|mem_size_out[0]                                                                ; Merged with core:cpu_core|RR_EX1:stage4_rr_ex1_reg|branch_type_out[0]   ;
; core:cpu_core|instr_mem:stage2_imem|pc_reg[2]                                                                         ; Merged with core:cpu_core|instr_mem:stage2_imem|pc_plus_4_reg[2]        ;
; Total Number of Removed Registers = 53                                                                                ;                                                                         ;
+-----------------------------------------------------------------------------------------------------------------------+-------------------------------------------------------------------------+


+------------------------------------------------------------------------------------------------------------------------------------------------------------------------------------------------------------------------------------+
; Removed Registers Triggering Further Register Optimizations                                                                                                                                                                        ;
+------------------------------------------------------------------------------------+-------------------------+---------------------------------------------------------------------------------------------------------------------+
; Register name                                                                      ; Reason for Removal      ; Registers Removed due to This Register                                                                              ;
+------------------------------------------------------------------------------------+-------------------------+---------------------------------------------------------------------------------------------------------------------+
; PLL:pll_inst|altpll:altpll_component|altpll_qdb2:auto_generated|internal_phasestep ; Stuck at GND            ; PLL:pll_inst|altpll:altpll_component|altpll_qdb2:auto_generated|pll_internal_phasestep_reg,                         ;
;                                                                                    ; due to stuck port clock ; PLL:pll_inst|altpll:altpll_component|altpll_qdb2:auto_generated|cntr_uqd:pll_internal_phasestep|counter_reg_bit[2], ;
;                                                                                    ;                         ; PLL:pll_inst|altpll:altpll_component|altpll_qdb2:auto_generated|cntr_uqd:pll_internal_phasestep|counter_reg_bit[1], ;
;                                                                                    ;                         ; PLL:pll_inst|altpll:altpll_component|altpll_qdb2:auto_generated|cntr_uqd:pll_internal_phasestep|counter_reg_bit[0]  ;
+------------------------------------------------------------------------------------+-------------------------+---------------------------------------------------------------------------------------------------------------------+


+------------------------------------------------------+
; General Register Statistics                          ;
+----------------------------------------------+-------+
; Statistic                                    ; Value ;
+----------------------------------------------+-------+
; Total registers                              ; 1303  ;
; Number of registers using Synchronous Clear  ; 206   ;
; Number of registers using Synchronous Load   ; 129   ;
; Number of registers using Asynchronous Clear ; 4     ;
; Number of registers using Asynchronous Load  ; 0     ;
; Number of registers using Clock Enable       ; 98    ;
; Number of registers using Preset             ; 0     ;
+----------------------------------------------+-------+


+-----------------------------------------------------------------------------+
; Inverted Register Statistics                                                ;
+-------------------------------------------------------------------+---------+
; Inverted Register                                                 ; Fan out ;
+-------------------------------------------------------------------+---------+
; reset_shift[0]                                                    ; 624     ;
; reset_shift[1]                                                    ; 1       ;
; reset_shift[2]                                                    ; 1       ;
; reset_shift[3]                                                    ; 1       ;
; core:cpu_core|regfile:stage4_regfile|registers_b_rtl_0_bypass[12] ; 1       ;
; core:cpu_core|regfile:stage4_regfile|registers_b_rtl_0_bypass[74] ; 1       ;
; core:cpu_core|regfile:stage4_regfile|registers_a_rtl_0_bypass[74] ; 1       ;
; core:cpu_core|regfile:stage4_regfile|registers_b_rtl_0_bypass[72] ; 1       ;
; core:cpu_core|regfile:stage4_regfile|registers_a_rtl_0_bypass[72] ; 1       ;
; core:cpu_core|regfile:stage4_regfile|registers_b_rtl_0_bypass[70] ; 1       ;
; core:cpu_core|regfile:stage4_regfile|registers_a_rtl_0_bypass[70] ; 1       ;
; core:cpu_core|regfile:stage4_regfile|registers_b_rtl_0_bypass[68] ; 1       ;
; core:cpu_core|regfile:stage4_regfile|registers_a_rtl_0_bypass[68] ; 1       ;
; core:cpu_core|regfile:stage4_regfile|registers_b_rtl_0_bypass[66] ; 1       ;
; core:cpu_core|regfile:stage4_regfile|registers_a_rtl_0_bypass[66] ; 1       ;
; core:cpu_core|regfile:stage4_regfile|registers_b_rtl_0_bypass[64] ; 1       ;
; core:cpu_core|regfile:stage4_regfile|registers_a_rtl_0_bypass[64] ; 1       ;
; core:cpu_core|regfile:stage4_regfile|registers_b_rtl_0_bypass[62] ; 1       ;
; core:cpu_core|regfile:stage4_regfile|registers_a_rtl_0_bypass[62] ; 1       ;
; core:cpu_core|regfile:stage4_regfile|registers_b_rtl_0_bypass[60] ; 1       ;
; core:cpu_core|regfile:stage4_regfile|registers_a_rtl_0_bypass[60] ; 1       ;
; core:cpu_core|regfile:stage4_regfile|registers_b_rtl_0_bypass[58] ; 1       ;
; core:cpu_core|regfile:stage4_regfile|registers_a_rtl_0_bypass[58] ; 1       ;
; core:cpu_core|regfile:stage4_regfile|registers_b_rtl_0_bypass[56] ; 1       ;
; core:cpu_core|regfile:stage4_regfile|registers_a_rtl_0_bypass[56] ; 1       ;
; core:cpu_core|regfile:stage4_regfile|registers_b_rtl_0_bypass[54] ; 1       ;
; core:cpu_core|regfile:stage4_regfile|registers_a_rtl_0_bypass[54] ; 1       ;
; core:cpu_core|regfile:stage4_regfile|registers_b_rtl_0_bypass[52] ; 1       ;
; core:cpu_core|regfile:stage4_regfile|registers_a_rtl_0_bypass[52] ; 1       ;
; core:cpu_core|regfile:stage4_regfile|registers_b_rtl_0_bypass[50] ; 1       ;
; core:cpu_core|regfile:stage4_regfile|registers_a_rtl_0_bypass[50] ; 1       ;
; core:cpu_core|regfile:stage4_regfile|registers_b_rtl_0_bypass[48] ; 1       ;
; core:cpu_core|regfile:stage4_regfile|registers_a_rtl_0_bypass[48] ; 1       ;
; core:cpu_core|regfile:stage4_regfile|registers_b_rtl_0_bypass[46] ; 1       ;
; core:cpu_core|regfile:stage4_regfile|registers_a_rtl_0_bypass[46] ; 1       ;
; core:cpu_core|regfile:stage4_regfile|registers_b_rtl_0_bypass[44] ; 1       ;
; core:cpu_core|regfile:stage4_regfile|registers_a_rtl_0_bypass[44] ; 1       ;
; core:cpu_core|regfile:stage4_regfile|registers_b_rtl_0_bypass[42] ; 1       ;
; core:cpu_core|regfile:stage4_regfile|registers_a_rtl_0_bypass[42] ; 1       ;
; core:cpu_core|regfile:stage4_regfile|registers_b_rtl_0_bypass[40] ; 1       ;
; core:cpu_core|regfile:stage4_regfile|registers_a_rtl_0_bypass[40] ; 1       ;
; core:cpu_core|regfile:stage4_regfile|registers_b_rtl_0_bypass[38] ; 1       ;
; core:cpu_core|regfile:stage4_regfile|registers_a_rtl_0_bypass[38] ; 1       ;
; core:cpu_core|regfile:stage4_regfile|registers_b_rtl_0_bypass[36] ; 1       ;
; core:cpu_core|regfile:stage4_regfile|registers_a_rtl_0_bypass[36] ; 1       ;
; core:cpu_core|regfile:stage4_regfile|registers_b_rtl_0_bypass[34] ; 1       ;
; core:cpu_core|regfile:stage4_regfile|registers_a_rtl_0_bypass[34] ; 1       ;
; core:cpu_core|regfile:stage4_regfile|registers_b_rtl_0_bypass[32] ; 1       ;
; core:cpu_core|regfile:stage4_regfile|registers_a_rtl_0_bypass[32] ; 1       ;
; core:cpu_core|regfile:stage4_regfile|registers_b_rtl_0_bypass[30] ; 1       ;
; core:cpu_core|regfile:stage4_regfile|registers_a_rtl_0_bypass[30] ; 1       ;
; core:cpu_core|regfile:stage4_regfile|registers_b_rtl_0_bypass[28] ; 1       ;
; core:cpu_core|regfile:stage4_regfile|registers_a_rtl_0_bypass[28] ; 1       ;
; core:cpu_core|regfile:stage4_regfile|registers_b_rtl_0_bypass[26] ; 1       ;
; core:cpu_core|regfile:stage4_regfile|registers_a_rtl_0_bypass[26] ; 1       ;
; core:cpu_core|regfile:stage4_regfile|registers_b_rtl_0_bypass[24] ; 1       ;
; core:cpu_core|regfile:stage4_regfile|registers_a_rtl_0_bypass[24] ; 1       ;
; core:cpu_core|regfile:stage4_regfile|registers_b_rtl_0_bypass[22] ; 1       ;
; core:cpu_core|regfile:stage4_regfile|registers_a_rtl_0_bypass[22] ; 1       ;
; core:cpu_core|regfile:stage4_regfile|registers_b_rtl_0_bypass[20] ; 1       ;
; core:cpu_core|regfile:stage4_regfile|registers_a_rtl_0_bypass[20] ; 1       ;
; core:cpu_core|regfile:stage4_regfile|registers_b_rtl_0_bypass[18] ; 1       ;
; core:cpu_core|regfile:stage4_regfile|registers_a_rtl_0_bypass[18] ; 1       ;
; core:cpu_core|regfile:stage4_regfile|registers_b_rtl_0_bypass[16] ; 1       ;
; core:cpu_core|regfile:stage4_regfile|registers_a_rtl_0_bypass[16] ; 1       ;
; core:cpu_core|regfile:stage4_regfile|registers_b_rtl_0_bypass[14] ; 1       ;
; core:cpu_core|regfile:stage4_regfile|registers_a_rtl_0_bypass[14] ; 1       ;
; core:cpu_core|regfile:stage4_regfile|registers_a_rtl_0_bypass[12] ; 1       ;
; core:cpu_core|bht:stage4_bht|bht_table_rtl_0_bypass[24]           ; 1       ;
; core:cpu_core|bht:stage4_bht|bht_table_rtl_0_bypass[22]           ; 1       ;
; core:cpu_core|bht:stage4_bht|bht_table_rtl_0_bypass[21]           ; 1       ;
; Total number of inverted registers = 71                           ;         ;
+-------------------------------------------------------------------+---------+


+------------------------------------------------------------------------------------------------------------------------------------+
; Physical Synthesis Netlist Optimizations                                                                                           ;
+---------------------------------------------------------------------------------------------------+----------+---------------------+
; Node                                                                                              ; Action   ; Reason              ;
+---------------------------------------------------------------------------------------------------+----------+---------------------+
; core:cpu_core|EX2_EX3:stage6_ex2_ex3_reg|load_store_address_out~52                                ; Modified ; Timing optimization ;
; core:cpu_core|alu:stage6_alu|Mux4~13                                                              ; Modified ; Timing optimization ;
; core:cpu_core|alu:stage6_alu|Mux4~13_RESYN246_BDD247                                              ; Created  ; Timing optimization ;
; core:cpu_core|alu:stage6_alu|Mux4~13_RESYN248_BDD249                                              ; Created  ; Timing optimization ;
; core:cpu_core|alu:stage6_alu|Mux9~4                                                               ; Deleted  ; Timing optimization ;
; core:cpu_core|alu:stage6_alu|Mux9~5                                                               ; Modified ; Timing optimization ;
; core:cpu_core|alu:stage6_alu|Mux9~5_RESYN240_BDD241                                               ; Created  ; Timing optimization ;
; core:cpu_core|alu:stage6_alu|Mux12~14                                                             ; Modified ; Timing optimization ;
; core:cpu_core|alu:stage6_alu|Mux12~14_RESYN328_BDD329                                             ; Created  ; Timing optimization ;
; core:cpu_core|alu:stage6_alu|Mux12~14_RESYN330_BDD331                                             ; Created  ; Timing optimization ;
; core:cpu_core|alu:stage6_alu|Mux14~5                                                              ; Modified ; Timing optimization ;
; core:cpu_core|alu:stage6_alu|Mux14~5_RESYN260_BDD261                                              ; Created  ; Timing optimization ;
; core:cpu_core|alu:stage6_alu|Mux14~5_RESYN262_BDD263                                              ; Created  ; Timing optimization ;
; core:cpu_core|alu:stage6_alu|Mux15~6                                                              ; Deleted  ; Timing optimization ;
; core:cpu_core|alu:stage6_alu|Mux15~7                                                              ; Modified ; Timing optimization ;
; core:cpu_core|alu:stage6_alu|Mux15~7_RESYN266_BDD267                                              ; Created  ; Timing optimization ;
; core:cpu_core|alu:stage6_alu|Mux28~13                                                             ; Modified ; Timing optimization ;
; core:cpu_core|alu:stage6_alu|Mux28~13_RESYN268_BDD269                                             ; Created  ; Timing optimization ;
; core:cpu_core|alu:stage6_alu|Mux28~13_RESYN270_BDD271                                             ; Created  ; Timing optimization ;
; core:cpu_core|alu:stage6_alu|Mux29~5                                                              ; Modified ; Timing optimization ;
; core:cpu_core|alu:stage6_alu|Mux29~5_RESYN272_BDD273                                              ; Created  ; Timing optimization ;
; core:cpu_core|alu:stage6_alu|Mux29~5_RESYN274_BDD275                                              ; Created  ; Timing optimization ;
; core:cpu_core|alu:stage6_alu|ShiftLeft0~30                                                        ; Deleted  ; Timing optimization ;
; core:cpu_core|alu:stage6_alu|ShiftLeft0~31                                                        ; Modified ; Timing optimization ;
; core:cpu_core|alu:stage6_alu|ShiftLeft0~31_RESYN238_BDD239                                        ; Created  ; Timing optimization ;
; core:cpu_core|alu:stage6_alu|ShiftRight0~22                                                       ; Modified ; Timing optimization ;
; core:cpu_core|alu:stage6_alu|ShiftRight0~22_RESYN250_BDD251                                       ; Created  ; Timing optimization ;
; core:cpu_core|alu:stage6_alu|ShiftRight0~27                                                       ; Deleted  ; Timing optimization ;
; core:cpu_core|alu:stage6_alu|ShiftRight0~28                                                       ; Modified ; Timing optimization ;
; core:cpu_core|alu:stage6_alu|ShiftRight0~28_RESYN242_BDD243                                       ; Created  ; Timing optimization ;
; core:cpu_core|alu:stage6_alu|ShiftRight0~32                                                       ; Deleted  ; Timing optimization ;
; core:cpu_core|alu:stage6_alu|ShiftRight0~33                                                       ; Modified ; Timing optimization ;
; core:cpu_core|alu:stage6_alu|ShiftRight0~33_RESYN244_BDD245                                       ; Created  ; Timing optimization ;
; core:cpu_core|alu:stage6_alu|ShiftRight1~32                                                       ; Deleted  ; Timing optimization ;
; core:cpu_core|alu:stage6_alu|ShiftRight1~33                                                       ; Modified ; Timing optimization ;
; core:cpu_core|alu:stage6_alu|ShiftRight1~33_RESYN252_BDD253                                       ; Created  ; Timing optimization ;
; core:cpu_core|alu:stage6_alu|ShiftRight1~33_RESYN254_BDD255                                       ; Created  ; Timing optimization ;
; core:cpu_core|alu:stage6_alu|adder_result[0]~0                                                    ; Modified ; Timing optimization ;
; core:cpu_core|data_sel:stage5_data_sel|operand_b[19]~24                                           ; Modified ; Timing optimization ;
; core:cpu_core|data_sel:stage5_data_sel|operand_b[19]~24_RESYN256_BDD257                           ; Created  ; Timing optimization ;
; core:cpu_core|data_sel:stage5_data_sel|operand_b[19]~24_RESYN258_BDD259                           ; Created  ; Timing optimization ;
; core:cpu_core|memory:stage8_memory_system|data_mem:dmem|Mux32~0                                   ; Modified ; Timing optimization ;
; core:cpu_core|memory:stage8_memory_system|data_mem:dmem|Mux32~0_RESYN280_BDD281                   ; Created  ; Timing optimization ;
; core:cpu_core|memory:stage8_memory_system|data_mem:dmem|Mux47~0                                   ; Deleted  ; Timing optimization ;
; core:cpu_core|memory:stage8_memory_system|data_mem:dmem|Mux47~1                                   ; Modified ; Timing optimization ;
; core:cpu_core|memory:stage8_memory_system|data_mem:dmem|Mux47~1_RESYN276_BDD277                   ; Created  ; Timing optimization ;
; core:cpu_core|memory:stage8_memory_system|data_mem:dmem|Mux47~1_RESYN276_RESYN332_BDD333          ; Created  ; Timing optimization ;
; core:cpu_core|memory:stage8_memory_system|data_mem:dmem|Mux47~1_RESYN276_RESYN334_BDD335          ; Created  ; Timing optimization ;
; core:cpu_core|memory:stage8_memory_system|data_mem:dmem|Mux47~1_RESYN278_BDD279                   ; Created  ; Timing optimization ;
; core:cpu_core|memory:stage8_memory_system|data_mem:dmem|Mux47~1_RESYN278_RESYN336_BDD337          ; Created  ; Timing optimization ;
; core:cpu_core|memory:stage8_memory_system|data_mem:dmem|Mux47~1_RESYN278_RESYN338_BDD339          ; Created  ; Timing optimization ;
; core:cpu_core|memory:stage8_memory_system|data_mem:dmem|Mux48~0                                   ; Deleted  ; Timing optimization ;
; core:cpu_core|memory:stage8_memory_system|data_mem:dmem|read_data[8]~37                           ; Deleted  ; Timing optimization ;
; core:cpu_core|memory:stage8_memory_system|data_mem:dmem|read_data[8]~38                           ; Modified ; Timing optimization ;
; core:cpu_core|memory:stage8_memory_system|data_mem:dmem|read_data[8]~38_RESYN324_BDD325           ; Created  ; Timing optimization ;
; core:cpu_core|memory:stage8_memory_system|data_mem:dmem|read_data[8]~38_RESYN324_RESYN388_BDD389  ; Created  ; Timing optimization ;
; core:cpu_core|memory:stage8_memory_system|data_mem:dmem|read_data[8]~38_RESYN324_RESYN390_BDD391  ; Created  ; Timing optimization ;
; core:cpu_core|memory:stage8_memory_system|data_mem:dmem|read_data[8]~38_RESYN326_BDD327           ; Created  ; Timing optimization ;
; core:cpu_core|memory:stage8_memory_system|data_mem:dmem|read_data[8]~38_RESYN326_RESYN392_BDD393  ; Created  ; Timing optimization ;
; core:cpu_core|memory:stage8_memory_system|data_mem:dmem|read_data[8]~38_RESYN326_RESYN394_BDD395  ; Created  ; Timing optimization ;
; core:cpu_core|memory:stage8_memory_system|data_mem:dmem|read_data[9]~34                           ; Deleted  ; Timing optimization ;
; core:cpu_core|memory:stage8_memory_system|data_mem:dmem|read_data[9]~35                           ; Modified ; Timing optimization ;
; core:cpu_core|memory:stage8_memory_system|data_mem:dmem|read_data[9]~35_RESYN318_BDD319           ; Created  ; Timing optimization ;
; core:cpu_core|memory:stage8_memory_system|data_mem:dmem|read_data[9]~35_RESYN318_RESYN380_BDD381  ; Created  ; Timing optimization ;
; core:cpu_core|memory:stage8_memory_system|data_mem:dmem|read_data[9]~35_RESYN318_RESYN382_BDD383  ; Created  ; Timing optimization ;
; core:cpu_core|memory:stage8_memory_system|data_mem:dmem|read_data[9]~35_RESYN320_BDD321           ; Created  ; Timing optimization ;
; core:cpu_core|memory:stage8_memory_system|data_mem:dmem|read_data[9]~35_RESYN320_RESYN384_BDD385  ; Created  ; Timing optimization ;
; core:cpu_core|memory:stage8_memory_system|data_mem:dmem|read_data[9]~35_RESYN320_RESYN386_BDD387  ; Created  ; Timing optimization ;
; core:cpu_core|memory:stage8_memory_system|data_mem:dmem|read_data[10]~31                          ; Deleted  ; Timing optimization ;
; core:cpu_core|memory:stage8_memory_system|data_mem:dmem|read_data[10]~32                          ; Modified ; Timing optimization ;
; core:cpu_core|memory:stage8_memory_system|data_mem:dmem|read_data[10]~32_RESYN312_BDD313          ; Created  ; Timing optimization ;
; core:cpu_core|memory:stage8_memory_system|data_mem:dmem|read_data[10]~32_RESYN312_RESYN372_BDD373 ; Created  ; Timing optimization ;
; core:cpu_core|memory:stage8_memory_system|data_mem:dmem|read_data[10]~32_RESYN312_RESYN374_BDD375 ; Created  ; Timing optimization ;
; core:cpu_core|memory:stage8_memory_system|data_mem:dmem|read_data[10]~32_RESYN314_BDD315          ; Created  ; Timing optimization ;
; core:cpu_core|memory:stage8_memory_system|data_mem:dmem|read_data[10]~32_RESYN314_RESYN376_BDD377 ; Created  ; Timing optimization ;
; core:cpu_core|memory:stage8_memory_system|data_mem:dmem|read_data[10]~32_RESYN314_RESYN378_BDD379 ; Created  ; Timing optimization ;
; core:cpu_core|memory:stage8_memory_system|data_mem:dmem|read_data[11]~28                          ; Deleted  ; Timing optimization ;
; core:cpu_core|memory:stage8_memory_system|data_mem:dmem|read_data[11]~29                          ; Modified ; Timing optimization ;
; core:cpu_core|memory:stage8_memory_system|data_mem:dmem|read_data[11]~29_RESYN306_BDD307          ; Created  ; Timing optimization ;
; core:cpu_core|memory:stage8_memory_system|data_mem:dmem|read_data[11]~29_RESYN306_RESYN364_BDD365 ; Created  ; Timing optimization ;
; core:cpu_core|memory:stage8_memory_system|data_mem:dmem|read_data[11]~29_RESYN306_RESYN366_BDD367 ; Created  ; Timing optimization ;
; core:cpu_core|memory:stage8_memory_system|data_mem:dmem|read_data[11]~29_RESYN308_BDD309          ; Created  ; Timing optimization ;
; core:cpu_core|memory:stage8_memory_system|data_mem:dmem|read_data[11]~29_RESYN308_RESYN368_BDD369 ; Created  ; Timing optimization ;
; core:cpu_core|memory:stage8_memory_system|data_mem:dmem|read_data[11]~29_RESYN308_RESYN370_BDD371 ; Created  ; Timing optimization ;
; core:cpu_core|memory:stage8_memory_system|data_mem:dmem|read_data[12]~25                          ; Deleted  ; Timing optimization ;
; core:cpu_core|memory:stage8_memory_system|data_mem:dmem|read_data[12]~26                          ; Modified ; Timing optimization ;
; core:cpu_core|memory:stage8_memory_system|data_mem:dmem|read_data[12]~26_RESYN300_BDD301          ; Created  ; Timing optimization ;
; core:cpu_core|memory:stage8_memory_system|data_mem:dmem|read_data[12]~26_RESYN300_RESYN356_BDD357 ; Created  ; Timing optimization ;
; core:cpu_core|memory:stage8_memory_system|data_mem:dmem|read_data[12]~26_RESYN300_RESYN358_BDD359 ; Created  ; Timing optimization ;
; core:cpu_core|memory:stage8_memory_system|data_mem:dmem|read_data[12]~26_RESYN302_BDD303          ; Created  ; Timing optimization ;
; core:cpu_core|memory:stage8_memory_system|data_mem:dmem|read_data[12]~26_RESYN302_RESYN360_BDD361 ; Created  ; Timing optimization ;
; core:cpu_core|memory:stage8_memory_system|data_mem:dmem|read_data[12]~26_RESYN302_RESYN362_BDD363 ; Created  ; Timing optimization ;
; core:cpu_core|memory:stage8_memory_system|data_mem:dmem|read_data[13]~22                          ; Deleted  ; Timing optimization ;
; core:cpu_core|memory:stage8_memory_system|data_mem:dmem|read_data[13]~23                          ; Modified ; Timing optimization ;
; core:cpu_core|memory:stage8_memory_system|data_mem:dmem|read_data[13]~23_RESYN294_BDD295          ; Created  ; Timing optimization ;
; core:cpu_core|memory:stage8_memory_system|data_mem:dmem|read_data[13]~23_RESYN294_RESYN348_BDD349 ; Created  ; Timing optimization ;
; core:cpu_core|memory:stage8_memory_system|data_mem:dmem|read_data[13]~23_RESYN294_RESYN350_BDD351 ; Created  ; Timing optimization ;
; core:cpu_core|memory:stage8_memory_system|data_mem:dmem|read_data[13]~23_RESYN296_BDD297          ; Created  ; Timing optimization ;
; core:cpu_core|memory:stage8_memory_system|data_mem:dmem|read_data[13]~23_RESYN296_RESYN352_BDD353 ; Created  ; Timing optimization ;
; core:cpu_core|memory:stage8_memory_system|data_mem:dmem|read_data[13]~23_RESYN296_RESYN354_BDD355 ; Created  ; Timing optimization ;
; core:cpu_core|memory:stage8_memory_system|data_mem:dmem|read_data[14]~18                          ; Deleted  ; Timing optimization ;
; core:cpu_core|memory:stage8_memory_system|data_mem:dmem|read_data[14]~19                          ; Modified ; Timing optimization ;
; core:cpu_core|memory:stage8_memory_system|data_mem:dmem|read_data[14]~19_RESYN288_BDD289          ; Created  ; Timing optimization ;
; core:cpu_core|memory:stage8_memory_system|data_mem:dmem|read_data[14]~19_RESYN288_RESYN340_BDD341 ; Created  ; Timing optimization ;
; core:cpu_core|memory:stage8_memory_system|data_mem:dmem|read_data[14]~19_RESYN288_RESYN342_BDD343 ; Created  ; Timing optimization ;
; core:cpu_core|memory:stage8_memory_system|data_mem:dmem|read_data[14]~19_RESYN290_BDD291          ; Created  ; Timing optimization ;
; core:cpu_core|memory:stage8_memory_system|data_mem:dmem|read_data[14]~19_RESYN290_RESYN344_BDD345 ; Created  ; Timing optimization ;
; core:cpu_core|memory:stage8_memory_system|data_mem:dmem|read_data[14]~19_RESYN290_RESYN346_BDD347 ; Created  ; Timing optimization ;
; core:cpu_core|memory:stage8_memory_system|data_mem:dmem|read_data[15]~16                          ; Deleted  ; Timing optimization ;
; core:cpu_core|memory:stage8_memory_system|data_mem:dmem|read_data[15]~17                          ; Modified ; Timing optimization ;
; core:cpu_core|memory:stage8_memory_system|data_mem:dmem|read_data[15]~17_RESYN282_BDD283          ; Created  ; Timing optimization ;
; core:cpu_core|memory:stage8_memory_system|data_mem:dmem|read_data[15]~17_RESYN284_BDD285          ; Created  ; Timing optimization ;
; core:cpu_core|pc_update:stage1_fetch|pc_plus_4[2]~0                                               ; Modified ; Timing optimization ;
; core:cpu_core|pc_update:stage1_fetch|pc~1                                                         ; Modified ; Timing optimization ;
; seven_seg_decoder:h0|WideOr0~0                                                                    ; Deleted  ; Timing optimization ;
; seven_seg_decoder:h0|WideOr0~0_wirecell                                                           ; Modified ; Timing optimization ;
; seven_seg_decoder:h1|WideOr0~0                                                                    ; Deleted  ; Timing optimization ;
; seven_seg_decoder:h1|WideOr0~0_wirecell                                                           ; Modified ; Timing optimization ;
; seven_seg_decoder:h2|WideOr0~0                                                                    ; Deleted  ; Timing optimization ;
; seven_seg_decoder:h2|WideOr0~0_wirecell                                                           ; Modified ; Timing optimization ;
; seven_seg_decoder:h3|WideOr0~0                                                                    ; Deleted  ; Timing optimization ;
; seven_seg_decoder:h3|WideOr0~0_wirecell                                                           ; Modified ; Timing optimization ;
; seven_seg_decoder:h4|WideOr0~0                                                                    ; Deleted  ; Timing optimization ;
; seven_seg_decoder:h4|WideOr0~0_wirecell                                                           ; Modified ; Timing optimization ;
; seven_seg_decoder:h5|WideOr0~0                                                                    ; Deleted  ; Timing optimization ;
; seven_seg_decoder:h5|WideOr0~0_wirecell                                                           ; Modified ; Timing optimization ;
+---------------------------------------------------------------------------------------------------+----------+---------------------+


+----------------------------------------------------------------------------------------------------------------------------+
; Registers Added for RAM Pass-Through Logic                                                                                 ;
+-------------------------------------------------------------------+--------------------------------------------------------+
; Register Name                                                     ; RAM Name                                               ;
+-------------------------------------------------------------------+--------------------------------------------------------+
; core:cpu_core|regfile:stage4_regfile|registers_b_rtl_0_bypass[0]  ; core:cpu_core|regfile:stage4_regfile|registers_b_rtl_0 ;
; core:cpu_core|regfile:stage4_regfile|registers_b_rtl_0_bypass[1]  ; core:cpu_core|regfile:stage4_regfile|registers_b_rtl_0 ;
; core:cpu_core|regfile:stage4_regfile|registers_b_rtl_0_bypass[2]  ; core:cpu_core|regfile:stage4_regfile|registers_b_rtl_0 ;
; core:cpu_core|regfile:stage4_regfile|registers_b_rtl_0_bypass[3]  ; core:cpu_core|regfile:stage4_regfile|registers_b_rtl_0 ;
; core:cpu_core|regfile:stage4_regfile|registers_b_rtl_0_bypass[4]  ; core:cpu_core|regfile:stage4_regfile|registers_b_rtl_0 ;
; core:cpu_core|regfile:stage4_regfile|registers_b_rtl_0_bypass[5]  ; core:cpu_core|regfile:stage4_regfile|registers_b_rtl_0 ;
; core:cpu_core|regfile:stage4_regfile|registers_b_rtl_0_bypass[6]  ; core:cpu_core|regfile:stage4_regfile|registers_b_rtl_0 ;
; core:cpu_core|regfile:stage4_regfile|registers_b_rtl_0_bypass[7]  ; core:cpu_core|regfile:stage4_regfile|registers_b_rtl_0 ;
; core:cpu_core|regfile:stage4_regfile|registers_b_rtl_0_bypass[8]  ; core:cpu_core|regfile:stage4_regfile|registers_b_rtl_0 ;
; core:cpu_core|regfile:stage4_regfile|registers_b_rtl_0_bypass[9]  ; core:cpu_core|regfile:stage4_regfile|registers_b_rtl_0 ;
; core:cpu_core|regfile:stage4_regfile|registers_b_rtl_0_bypass[10] ; core:cpu_core|regfile:stage4_regfile|registers_b_rtl_0 ;
; core:cpu_core|regfile:stage4_regfile|registers_b_rtl_0_bypass[11] ; core:cpu_core|regfile:stage4_regfile|registers_b_rtl_0 ;
; core:cpu_core|regfile:stage4_regfile|registers_b_rtl_0_bypass[12] ; core:cpu_core|regfile:stage4_regfile|registers_b_rtl_0 ;
; core:cpu_core|regfile:stage4_regfile|registers_b_rtl_0_bypass[13] ; core:cpu_core|regfile:stage4_regfile|registers_b_rtl_0 ;
; core:cpu_core|regfile:stage4_regfile|registers_b_rtl_0_bypass[14] ; core:cpu_core|regfile:stage4_regfile|registers_b_rtl_0 ;
; core:cpu_core|regfile:stage4_regfile|registers_b_rtl_0_bypass[15] ; core:cpu_core|regfile:stage4_regfile|registers_b_rtl_0 ;
; core:cpu_core|regfile:stage4_regfile|registers_b_rtl_0_bypass[16] ; core:cpu_core|regfile:stage4_regfile|registers_b_rtl_0 ;
; core:cpu_core|regfile:stage4_regfile|registers_b_rtl_0_bypass[17] ; core:cpu_core|regfile:stage4_regfile|registers_b_rtl_0 ;
; core:cpu_core|regfile:stage4_regfile|registers_b_rtl_0_bypass[18] ; core:cpu_core|regfile:stage4_regfile|registers_b_rtl_0 ;
; core:cpu_core|regfile:stage4_regfile|registers_b_rtl_0_bypass[19] ; core:cpu_core|regfile:stage4_regfile|registers_b_rtl_0 ;
; core:cpu_core|regfile:stage4_regfile|registers_b_rtl_0_bypass[20] ; core:cpu_core|regfile:stage4_regfile|registers_b_rtl_0 ;
; core:cpu_core|regfile:stage4_regfile|registers_b_rtl_0_bypass[21] ; core:cpu_core|regfile:stage4_regfile|registers_b_rtl_0 ;
; core:cpu_core|regfile:stage4_regfile|registers_b_rtl_0_bypass[22] ; core:cpu_core|regfile:stage4_regfile|registers_b_rtl_0 ;
; core:cpu_core|regfile:stage4_regfile|registers_b_rtl_0_bypass[23] ; core:cpu_core|regfile:stage4_regfile|registers_b_rtl_0 ;
; core:cpu_core|regfile:stage4_regfile|registers_b_rtl_0_bypass[24] ; core:cpu_core|regfile:stage4_regfile|registers_b_rtl_0 ;
; core:cpu_core|regfile:stage4_regfile|registers_b_rtl_0_bypass[25] ; core:cpu_core|regfile:stage4_regfile|registers_b_rtl_0 ;
; core:cpu_core|regfile:stage4_regfile|registers_b_rtl_0_bypass[26] ; core:cpu_core|regfile:stage4_regfile|registers_b_rtl_0 ;
; core:cpu_core|regfile:stage4_regfile|registers_b_rtl_0_bypass[27] ; core:cpu_core|regfile:stage4_regfile|registers_b_rtl_0 ;
; core:cpu_core|regfile:stage4_regfile|registers_b_rtl_0_bypass[28] ; core:cpu_core|regfile:stage4_regfile|registers_b_rtl_0 ;
; core:cpu_core|regfile:stage4_regfile|registers_b_rtl_0_bypass[29] ; core:cpu_core|regfile:stage4_regfile|registers_b_rtl_0 ;
; core:cpu_core|regfile:stage4_regfile|registers_b_rtl_0_bypass[30] ; core:cpu_core|regfile:stage4_regfile|registers_b_rtl_0 ;
; core:cpu_core|regfile:stage4_regfile|registers_b_rtl_0_bypass[31] ; core:cpu_core|regfile:stage4_regfile|registers_b_rtl_0 ;
; core:cpu_core|regfile:stage4_regfile|registers_b_rtl_0_bypass[32] ; core:cpu_core|regfile:stage4_regfile|registers_b_rtl_0 ;
; core:cpu_core|regfile:stage4_regfile|registers_b_rtl_0_bypass[33] ; core:cpu_core|regfile:stage4_regfile|registers_b_rtl_0 ;
; core:cpu_core|regfile:stage4_regfile|registers_b_rtl_0_bypass[34] ; core:cpu_core|regfile:stage4_regfile|registers_b_rtl_0 ;
; core:cpu_core|regfile:stage4_regfile|registers_b_rtl_0_bypass[35] ; core:cpu_core|regfile:stage4_regfile|registers_b_rtl_0 ;
; core:cpu_core|regfile:stage4_regfile|registers_b_rtl_0_bypass[36] ; core:cpu_core|regfile:stage4_regfile|registers_b_rtl_0 ;
; core:cpu_core|regfile:stage4_regfile|registers_b_rtl_0_bypass[37] ; core:cpu_core|regfile:stage4_regfile|registers_b_rtl_0 ;
; core:cpu_core|regfile:stage4_regfile|registers_b_rtl_0_bypass[38] ; core:cpu_core|regfile:stage4_regfile|registers_b_rtl_0 ;
; core:cpu_core|regfile:stage4_regfile|registers_b_rtl_0_bypass[39] ; core:cpu_core|regfile:stage4_regfile|registers_b_rtl_0 ;
; core:cpu_core|regfile:stage4_regfile|registers_b_rtl_0_bypass[40] ; core:cpu_core|regfile:stage4_regfile|registers_b_rtl_0 ;
; core:cpu_core|regfile:stage4_regfile|registers_b_rtl_0_bypass[41] ; core:cpu_core|regfile:stage4_regfile|registers_b_rtl_0 ;
; core:cpu_core|regfile:stage4_regfile|registers_b_rtl_0_bypass[42] ; core:cpu_core|regfile:stage4_regfile|registers_b_rtl_0 ;
; core:cpu_core|regfile:stage4_regfile|registers_b_rtl_0_bypass[43] ; core:cpu_core|regfile:stage4_regfile|registers_b_rtl_0 ;
; core:cpu_core|regfile:stage4_regfile|registers_b_rtl_0_bypass[44] ; core:cpu_core|regfile:stage4_regfile|registers_b_rtl_0 ;
; core:cpu_core|regfile:stage4_regfile|registers_b_rtl_0_bypass[45] ; core:cpu_core|regfile:stage4_regfile|registers_b_rtl_0 ;
; core:cpu_core|regfile:stage4_regfile|registers_b_rtl_0_bypass[46] ; core:cpu_core|regfile:stage4_regfile|registers_b_rtl_0 ;
; core:cpu_core|regfile:stage4_regfile|registers_b_rtl_0_bypass[47] ; core:cpu_core|regfile:stage4_regfile|registers_b_rtl_0 ;
; core:cpu_core|regfile:stage4_regfile|registers_b_rtl_0_bypass[48] ; core:cpu_core|regfile:stage4_regfile|registers_b_rtl_0 ;
; core:cpu_core|regfile:stage4_regfile|registers_b_rtl_0_bypass[49] ; core:cpu_core|regfile:stage4_regfile|registers_b_rtl_0 ;
; core:cpu_core|regfile:stage4_regfile|registers_b_rtl_0_bypass[50] ; core:cpu_core|regfile:stage4_regfile|registers_b_rtl_0 ;
; core:cpu_core|regfile:stage4_regfile|registers_b_rtl_0_bypass[51] ; core:cpu_core|regfile:stage4_regfile|registers_b_rtl_0 ;
; core:cpu_core|regfile:stage4_regfile|registers_b_rtl_0_bypass[52] ; core:cpu_core|regfile:stage4_regfile|registers_b_rtl_0 ;
; core:cpu_core|regfile:stage4_regfile|registers_b_rtl_0_bypass[53] ; core:cpu_core|regfile:stage4_regfile|registers_b_rtl_0 ;
; core:cpu_core|regfile:stage4_regfile|registers_b_rtl_0_bypass[54] ; core:cpu_core|regfile:stage4_regfile|registers_b_rtl_0 ;
; core:cpu_core|regfile:stage4_regfile|registers_b_rtl_0_bypass[55] ; core:cpu_core|regfile:stage4_regfile|registers_b_rtl_0 ;
; core:cpu_core|regfile:stage4_regfile|registers_b_rtl_0_bypass[56] ; core:cpu_core|regfile:stage4_regfile|registers_b_rtl_0 ;
; core:cpu_core|regfile:stage4_regfile|registers_b_rtl_0_bypass[57] ; core:cpu_core|regfile:stage4_regfile|registers_b_rtl_0 ;
; core:cpu_core|regfile:stage4_regfile|registers_b_rtl_0_bypass[58] ; core:cpu_core|regfile:stage4_regfile|registers_b_rtl_0 ;
; core:cpu_core|regfile:stage4_regfile|registers_b_rtl_0_bypass[59] ; core:cpu_core|regfile:stage4_regfile|registers_b_rtl_0 ;
; core:cpu_core|regfile:stage4_regfile|registers_b_rtl_0_bypass[60] ; core:cpu_core|regfile:stage4_regfile|registers_b_rtl_0 ;
; core:cpu_core|regfile:stage4_regfile|registers_b_rtl_0_bypass[61] ; core:cpu_core|regfile:stage4_regfile|registers_b_rtl_0 ;
; core:cpu_core|regfile:stage4_regfile|registers_b_rtl_0_bypass[62] ; core:cpu_core|regfile:stage4_regfile|registers_b_rtl_0 ;
; core:cpu_core|regfile:stage4_regfile|registers_b_rtl_0_bypass[63] ; core:cpu_core|regfile:stage4_regfile|registers_b_rtl_0 ;
; core:cpu_core|regfile:stage4_regfile|registers_b_rtl_0_bypass[64] ; core:cpu_core|regfile:stage4_regfile|registers_b_rtl_0 ;
; core:cpu_core|regfile:stage4_regfile|registers_b_rtl_0_bypass[65] ; core:cpu_core|regfile:stage4_regfile|registers_b_rtl_0 ;
; core:cpu_core|regfile:stage4_regfile|registers_b_rtl_0_bypass[66] ; core:cpu_core|regfile:stage4_regfile|registers_b_rtl_0 ;
; core:cpu_core|regfile:stage4_regfile|registers_b_rtl_0_bypass[67] ; core:cpu_core|regfile:stage4_regfile|registers_b_rtl_0 ;
; core:cpu_core|regfile:stage4_regfile|registers_b_rtl_0_bypass[68] ; core:cpu_core|regfile:stage4_regfile|registers_b_rtl_0 ;
; core:cpu_core|regfile:stage4_regfile|registers_b_rtl_0_bypass[69] ; core:cpu_core|regfile:stage4_regfile|registers_b_rtl_0 ;
; core:cpu_core|regfile:stage4_regfile|registers_b_rtl_0_bypass[70] ; core:cpu_core|regfile:stage4_regfile|registers_b_rtl_0 ;
; core:cpu_core|regfile:stage4_regfile|registers_b_rtl_0_bypass[71] ; core:cpu_core|regfile:stage4_regfile|registers_b_rtl_0 ;
; core:cpu_core|regfile:stage4_regfile|registers_b_rtl_0_bypass[72] ; core:cpu_core|regfile:stage4_regfile|registers_b_rtl_0 ;
; core:cpu_core|regfile:stage4_regfile|registers_b_rtl_0_bypass[73] ; core:cpu_core|regfile:stage4_regfile|registers_b_rtl_0 ;
; core:cpu_core|regfile:stage4_regfile|registers_b_rtl_0_bypass[74] ; core:cpu_core|regfile:stage4_regfile|registers_b_rtl_0 ;
; core:cpu_core|regfile:stage4_regfile|registers_a_rtl_0_bypass[0]  ; core:cpu_core|regfile:stage4_regfile|registers_a_rtl_0 ;
; core:cpu_core|regfile:stage4_regfile|registers_a_rtl_0_bypass[1]  ; core:cpu_core|regfile:stage4_regfile|registers_a_rtl_0 ;
; core:cpu_core|regfile:stage4_regfile|registers_a_rtl_0_bypass[2]  ; core:cpu_core|regfile:stage4_regfile|registers_a_rtl_0 ;
; core:cpu_core|regfile:stage4_regfile|registers_a_rtl_0_bypass[3]  ; core:cpu_core|regfile:stage4_regfile|registers_a_rtl_0 ;
; core:cpu_core|regfile:stage4_regfile|registers_a_rtl_0_bypass[4]  ; core:cpu_core|regfile:stage4_regfile|registers_a_rtl_0 ;
; core:cpu_core|regfile:stage4_regfile|registers_a_rtl_0_bypass[5]  ; core:cpu_core|regfile:stage4_regfile|registers_a_rtl_0 ;
; core:cpu_core|regfile:stage4_regfile|registers_a_rtl_0_bypass[6]  ; core:cpu_core|regfile:stage4_regfile|registers_a_rtl_0 ;
; core:cpu_core|regfile:stage4_regfile|registers_a_rtl_0_bypass[7]  ; core:cpu_core|regfile:stage4_regfile|registers_a_rtl_0 ;
; core:cpu_core|regfile:stage4_regfile|registers_a_rtl_0_bypass[8]  ; core:cpu_core|regfile:stage4_regfile|registers_a_rtl_0 ;
; core:cpu_core|regfile:stage4_regfile|registers_a_rtl_0_bypass[9]  ; core:cpu_core|regfile:stage4_regfile|registers_a_rtl_0 ;
; core:cpu_core|regfile:stage4_regfile|registers_a_rtl_0_bypass[10] ; core:cpu_core|regfile:stage4_regfile|registers_a_rtl_0 ;
; core:cpu_core|regfile:stage4_regfile|registers_a_rtl_0_bypass[11] ; core:cpu_core|regfile:stage4_regfile|registers_a_rtl_0 ;
; core:cpu_core|regfile:stage4_regfile|registers_a_rtl_0_bypass[12] ; core:cpu_core|regfile:stage4_regfile|registers_a_rtl_0 ;
; core:cpu_core|regfile:stage4_regfile|registers_a_rtl_0_bypass[13] ; core:cpu_core|regfile:stage4_regfile|registers_a_rtl_0 ;
; core:cpu_core|regfile:stage4_regfile|registers_a_rtl_0_bypass[14] ; core:cpu_core|regfile:stage4_regfile|registers_a_rtl_0 ;
; core:cpu_core|regfile:stage4_regfile|registers_a_rtl_0_bypass[15] ; core:cpu_core|regfile:stage4_regfile|registers_a_rtl_0 ;
; core:cpu_core|regfile:stage4_regfile|registers_a_rtl_0_bypass[16] ; core:cpu_core|regfile:stage4_regfile|registers_a_rtl_0 ;
; core:cpu_core|regfile:stage4_regfile|registers_a_rtl_0_bypass[17] ; core:cpu_core|regfile:stage4_regfile|registers_a_rtl_0 ;
; core:cpu_core|regfile:stage4_regfile|registers_a_rtl_0_bypass[18] ; core:cpu_core|regfile:stage4_regfile|registers_a_rtl_0 ;
; core:cpu_core|regfile:stage4_regfile|registers_a_rtl_0_bypass[19] ; core:cpu_core|regfile:stage4_regfile|registers_a_rtl_0 ;
; core:cpu_core|regfile:stage4_regfile|registers_a_rtl_0_bypass[20] ; core:cpu_core|regfile:stage4_regfile|registers_a_rtl_0 ;
; core:cpu_core|regfile:stage4_regfile|registers_a_rtl_0_bypass[21] ; core:cpu_core|regfile:stage4_regfile|registers_a_rtl_0 ;
; core:cpu_core|regfile:stage4_regfile|registers_a_rtl_0_bypass[22] ; core:cpu_core|regfile:stage4_regfile|registers_a_rtl_0 ;
; core:cpu_core|regfile:stage4_regfile|registers_a_rtl_0_bypass[23] ; core:cpu_core|regfile:stage4_regfile|registers_a_rtl_0 ;
; core:cpu_core|regfile:stage4_regfile|registers_a_rtl_0_bypass[24] ; core:cpu_core|regfile:stage4_regfile|registers_a_rtl_0 ;
; core:cpu_core|regfile:stage4_regfile|registers_a_rtl_0_bypass[25] ; core:cpu_core|regfile:stage4_regfile|registers_a_rtl_0 ;
; core:cpu_core|regfile:stage4_regfile|registers_a_rtl_0_bypass[26] ; core:cpu_core|regfile:stage4_regfile|registers_a_rtl_0 ;
; core:cpu_core|regfile:stage4_regfile|registers_a_rtl_0_bypass[27] ; core:cpu_core|regfile:stage4_regfile|registers_a_rtl_0 ;
; core:cpu_core|regfile:stage4_regfile|registers_a_rtl_0_bypass[28] ; core:cpu_core|regfile:stage4_regfile|registers_a_rtl_0 ;
; core:cpu_core|regfile:stage4_regfile|registers_a_rtl_0_bypass[29] ; core:cpu_core|regfile:stage4_regfile|registers_a_rtl_0 ;
; core:cpu_core|regfile:stage4_regfile|registers_a_rtl_0_bypass[30] ; core:cpu_core|regfile:stage4_regfile|registers_a_rtl_0 ;
; core:cpu_core|regfile:stage4_regfile|registers_a_rtl_0_bypass[31] ; core:cpu_core|regfile:stage4_regfile|registers_a_rtl_0 ;
; core:cpu_core|regfile:stage4_regfile|registers_a_rtl_0_bypass[32] ; core:cpu_core|regfile:stage4_regfile|registers_a_rtl_0 ;
; core:cpu_core|regfile:stage4_regfile|registers_a_rtl_0_bypass[33] ; core:cpu_core|regfile:stage4_regfile|registers_a_rtl_0 ;
; core:cpu_core|regfile:stage4_regfile|registers_a_rtl_0_bypass[34] ; core:cpu_core|regfile:stage4_regfile|registers_a_rtl_0 ;
; core:cpu_core|regfile:stage4_regfile|registers_a_rtl_0_bypass[35] ; core:cpu_core|regfile:stage4_regfile|registers_a_rtl_0 ;
; core:cpu_core|regfile:stage4_regfile|registers_a_rtl_0_bypass[36] ; core:cpu_core|regfile:stage4_regfile|registers_a_rtl_0 ;
; core:cpu_core|regfile:stage4_regfile|registers_a_rtl_0_bypass[37] ; core:cpu_core|regfile:stage4_regfile|registers_a_rtl_0 ;
; core:cpu_core|regfile:stage4_regfile|registers_a_rtl_0_bypass[38] ; core:cpu_core|regfile:stage4_regfile|registers_a_rtl_0 ;
; core:cpu_core|regfile:stage4_regfile|registers_a_rtl_0_bypass[39] ; core:cpu_core|regfile:stage4_regfile|registers_a_rtl_0 ;
; core:cpu_core|regfile:stage4_regfile|registers_a_rtl_0_bypass[40] ; core:cpu_core|regfile:stage4_regfile|registers_a_rtl_0 ;
; core:cpu_core|regfile:stage4_regfile|registers_a_rtl_0_bypass[41] ; core:cpu_core|regfile:stage4_regfile|registers_a_rtl_0 ;
; core:cpu_core|regfile:stage4_regfile|registers_a_rtl_0_bypass[42] ; core:cpu_core|regfile:stage4_regfile|registers_a_rtl_0 ;
; core:cpu_core|regfile:stage4_regfile|registers_a_rtl_0_bypass[43] ; core:cpu_core|regfile:stage4_regfile|registers_a_rtl_0 ;
; core:cpu_core|regfile:stage4_regfile|registers_a_rtl_0_bypass[44] ; core:cpu_core|regfile:stage4_regfile|registers_a_rtl_0 ;
; core:cpu_core|regfile:stage4_regfile|registers_a_rtl_0_bypass[45] ; core:cpu_core|regfile:stage4_regfile|registers_a_rtl_0 ;
; core:cpu_core|regfile:stage4_regfile|registers_a_rtl_0_bypass[46] ; core:cpu_core|regfile:stage4_regfile|registers_a_rtl_0 ;
; core:cpu_core|regfile:stage4_regfile|registers_a_rtl_0_bypass[47] ; core:cpu_core|regfile:stage4_regfile|registers_a_rtl_0 ;
; core:cpu_core|regfile:stage4_regfile|registers_a_rtl_0_bypass[48] ; core:cpu_core|regfile:stage4_regfile|registers_a_rtl_0 ;
; core:cpu_core|regfile:stage4_regfile|registers_a_rtl_0_bypass[49] ; core:cpu_core|regfile:stage4_regfile|registers_a_rtl_0 ;
; core:cpu_core|regfile:stage4_regfile|registers_a_rtl_0_bypass[50] ; core:cpu_core|regfile:stage4_regfile|registers_a_rtl_0 ;
; core:cpu_core|regfile:stage4_regfile|registers_a_rtl_0_bypass[51] ; core:cpu_core|regfile:stage4_regfile|registers_a_rtl_0 ;
; core:cpu_core|regfile:stage4_regfile|registers_a_rtl_0_bypass[52] ; core:cpu_core|regfile:stage4_regfile|registers_a_rtl_0 ;
; core:cpu_core|regfile:stage4_regfile|registers_a_rtl_0_bypass[53] ; core:cpu_core|regfile:stage4_regfile|registers_a_rtl_0 ;
; core:cpu_core|regfile:stage4_regfile|registers_a_rtl_0_bypass[54] ; core:cpu_core|regfile:stage4_regfile|registers_a_rtl_0 ;
; core:cpu_core|regfile:stage4_regfile|registers_a_rtl_0_bypass[55] ; core:cpu_core|regfile:stage4_regfile|registers_a_rtl_0 ;
; core:cpu_core|regfile:stage4_regfile|registers_a_rtl_0_bypass[56] ; core:cpu_core|regfile:stage4_regfile|registers_a_rtl_0 ;
; core:cpu_core|regfile:stage4_regfile|registers_a_rtl_0_bypass[57] ; core:cpu_core|regfile:stage4_regfile|registers_a_rtl_0 ;
; core:cpu_core|regfile:stage4_regfile|registers_a_rtl_0_bypass[58] ; core:cpu_core|regfile:stage4_regfile|registers_a_rtl_0 ;
; core:cpu_core|regfile:stage4_regfile|registers_a_rtl_0_bypass[59] ; core:cpu_core|regfile:stage4_regfile|registers_a_rtl_0 ;
; core:cpu_core|regfile:stage4_regfile|registers_a_rtl_0_bypass[60] ; core:cpu_core|regfile:stage4_regfile|registers_a_rtl_0 ;
; core:cpu_core|regfile:stage4_regfile|registers_a_rtl_0_bypass[61] ; core:cpu_core|regfile:stage4_regfile|registers_a_rtl_0 ;
; core:cpu_core|regfile:stage4_regfile|registers_a_rtl_0_bypass[62] ; core:cpu_core|regfile:stage4_regfile|registers_a_rtl_0 ;
; core:cpu_core|regfile:stage4_regfile|registers_a_rtl_0_bypass[63] ; core:cpu_core|regfile:stage4_regfile|registers_a_rtl_0 ;
; core:cpu_core|regfile:stage4_regfile|registers_a_rtl_0_bypass[64] ; core:cpu_core|regfile:stage4_regfile|registers_a_rtl_0 ;
; core:cpu_core|regfile:stage4_regfile|registers_a_rtl_0_bypass[65] ; core:cpu_core|regfile:stage4_regfile|registers_a_rtl_0 ;
; core:cpu_core|regfile:stage4_regfile|registers_a_rtl_0_bypass[66] ; core:cpu_core|regfile:stage4_regfile|registers_a_rtl_0 ;
; core:cpu_core|regfile:stage4_regfile|registers_a_rtl_0_bypass[67] ; core:cpu_core|regfile:stage4_regfile|registers_a_rtl_0 ;
; core:cpu_core|regfile:stage4_regfile|registers_a_rtl_0_bypass[68] ; core:cpu_core|regfile:stage4_regfile|registers_a_rtl_0 ;
; core:cpu_core|regfile:stage4_regfile|registers_a_rtl_0_bypass[69] ; core:cpu_core|regfile:stage4_regfile|registers_a_rtl_0 ;
; core:cpu_core|regfile:stage4_regfile|registers_a_rtl_0_bypass[70] ; core:cpu_core|regfile:stage4_regfile|registers_a_rtl_0 ;
; core:cpu_core|regfile:stage4_regfile|registers_a_rtl_0_bypass[71] ; core:cpu_core|regfile:stage4_regfile|registers_a_rtl_0 ;
; core:cpu_core|regfile:stage4_regfile|registers_a_rtl_0_bypass[72] ; core:cpu_core|regfile:stage4_regfile|registers_a_rtl_0 ;
; core:cpu_core|regfile:stage4_regfile|registers_a_rtl_0_bypass[73] ; core:cpu_core|regfile:stage4_regfile|registers_a_rtl_0 ;
; core:cpu_core|regfile:stage4_regfile|registers_a_rtl_0_bypass[74] ; core:cpu_core|regfile:stage4_regfile|registers_a_rtl_0 ;
; core:cpu_core|bht:stage4_bht|bht_table_rtl_0_bypass[0]            ; core:cpu_core|bht:stage4_bht|bht_table_rtl_0           ;
; core:cpu_core|bht:stage4_bht|bht_table_rtl_0_bypass[1]            ; core:cpu_core|bht:stage4_bht|bht_table_rtl_0           ;
; core:cpu_core|bht:stage4_bht|bht_table_rtl_0_bypass[2]            ; core:cpu_core|bht:stage4_bht|bht_table_rtl_0           ;
; core:cpu_core|bht:stage4_bht|bht_table_rtl_0_bypass[3]            ; core:cpu_core|bht:stage4_bht|bht_table_rtl_0           ;
; core:cpu_core|bht:stage4_bht|bht_table_rtl_0_bypass[4]            ; core:cpu_core|bht:stage4_bht|bht_table_rtl_0           ;
; core:cpu_core|bht:stage4_bht|bht_table_rtl_0_bypass[5]            ; core:cpu_core|bht:stage4_bht|bht_table_rtl_0           ;
; core:cpu_core|bht:stage4_bht|bht_table_rtl_0_bypass[6]            ; core:cpu_core|bht:stage4_bht|bht_table_rtl_0           ;
; core:cpu_core|bht:stage4_bht|bht_table_rtl_0_bypass[7]            ; core:cpu_core|bht:stage4_bht|bht_table_rtl_0           ;
; core:cpu_core|bht:stage4_bht|bht_table_rtl_0_bypass[8]            ; core:cpu_core|bht:stage4_bht|bht_table_rtl_0           ;
; core:cpu_core|bht:stage4_bht|bht_table_rtl_0_bypass[9]            ; core:cpu_core|bht:stage4_bht|bht_table_rtl_0           ;
; core:cpu_core|bht:stage4_bht|bht_table_rtl_0_bypass[10]           ; core:cpu_core|bht:stage4_bht|bht_table_rtl_0           ;
; core:cpu_core|bht:stage4_bht|bht_table_rtl_0_bypass[11]           ; core:cpu_core|bht:stage4_bht|bht_table_rtl_0           ;
; core:cpu_core|bht:stage4_bht|bht_table_rtl_0_bypass[12]           ; core:cpu_core|bht:stage4_bht|bht_table_rtl_0           ;
; core:cpu_core|bht:stage4_bht|bht_table_rtl_0_bypass[13]           ; core:cpu_core|bht:stage4_bht|bht_table_rtl_0           ;
; core:cpu_core|bht:stage4_bht|bht_table_rtl_0_bypass[14]           ; core:cpu_core|bht:stage4_bht|bht_table_rtl_0           ;
; core:cpu_core|bht:stage4_bht|bht_table_rtl_0_bypass[15]           ; core:cpu_core|bht:stage4_bht|bht_table_rtl_0           ;
; core:cpu_core|bht:stage4_bht|bht_table_rtl_0_bypass[16]           ; core:cpu_core|bht:stage4_bht|bht_table_rtl_0           ;
; core:cpu_core|bht:stage4_bht|bht_table_rtl_0_bypass[17]           ; core:cpu_core|bht:stage4_bht|bht_table_rtl_0           ;
; core:cpu_core|bht:stage4_bht|bht_table_rtl_0_bypass[18]           ; core:cpu_core|bht:stage4_bht|bht_table_rtl_0           ;
; core:cpu_core|bht:stage4_bht|bht_table_rtl_0_bypass[19]           ; core:cpu_core|bht:stage4_bht|bht_table_rtl_0           ;
; core:cpu_core|bht:stage4_bht|bht_table_rtl_0_bypass[20]           ; core:cpu_core|bht:stage4_bht|bht_table_rtl_0           ;
; core:cpu_core|bht:stage4_bht|bht_table_rtl_0_bypass[21]           ; core:cpu_core|bht:stage4_bht|bht_table_rtl_0           ;
; core:cpu_core|bht:stage4_bht|bht_table_rtl_0_bypass[22]           ; core:cpu_core|bht:stage4_bht|bht_table_rtl_0           ;
; core:cpu_core|bht:stage4_bht|bht_table_rtl_0_bypass[23]           ; core:cpu_core|bht:stage4_bht|bht_table_rtl_0           ;
; core:cpu_core|bht:stage4_bht|bht_table_rtl_0_bypass[24]           ; core:cpu_core|bht:stage4_bht|bht_table_rtl_0           ;
+-------------------------------------------------------------------+--------------------------------------------------------+


+-----------------------------------------------------------------------------------------------------------------------------------------------------------+
; Registers Packed Into Inferred Megafunctions                                                                                                              ;
+-----------------------------------------------------------------------------+----------------------------------------------------------------------+------+
; Register Name                                                               ; Megafunction                                                         ; Type ;
+-----------------------------------------------------------------------------+----------------------------------------------------------------------+------+
; core:cpu_core|memory:stage8_memory_system|data_mem:dmem|current_word[0..31] ; core:cpu_core|memory:stage8_memory_system|data_mem:dmem|memory_rtl_0 ; RAM  ;
; core:cpu_core|instr_mem:stage2_imem|instr_reg[0..31]                        ; core:cpu_core|instr_mem:stage2_imem|instruction_memory_rtl_0         ; RAM  ;
+-----------------------------------------------------------------------------+----------------------------------------------------------------------+------+


+-----------------------------------------------------------------------------------------------------------------------------------------------------------------------------------------------+
; Multiplexer Restructuring Statistics (No Restructuring Performed)                                                                                                                             ;
+--------------------+-----------+---------------+----------------------+------------------------+------------+---------------------------------------------------------------------------------+
; Multiplexer Inputs ; Bus Width ; Baseline Area ; Area if Restructured ; Saving if Restructured ; Registered ; Example Multiplexer Output                                                      ;
+--------------------+-----------+---------------+----------------------+------------------------+------------+---------------------------------------------------------------------------------+
; 3:1                ; 10 bits   ; 20 LEs        ; 10 LEs               ; 10 LEs                 ; Yes        ; |top|core:cpu_core|memory:stage8_memory_system|mmio:mmio_inst|led_reg[1]        ;
; 3:1                ; 24 bits   ; 48 LEs        ; 24 LEs               ; 24 LEs                 ; Yes        ; |top|core:cpu_core|memory:stage8_memory_system|mmio:mmio_inst|hex_reg[3]        ;
; 3:1                ; 32 bits   ; 64 LEs        ; 64 LEs               ; 0 LEs                  ; Yes        ; |top|core:cpu_core|EX1_EX2:stage5_ex1_ex2_reg|operand_b_out[10]                 ;
; 3:1                ; 8 bits    ; 16 LEs        ; 8 LEs                ; 8 LEs                  ; Yes        ; |top|core:cpu_core|memory:stage8_memory_system|mmio:mmio_inst|read_data[4]      ;
; 3:1                ; 79 bits   ; 158 LEs       ; 79 LEs               ; 79 LEs                 ; Yes        ; |top|core:cpu_core|ID_RR:stage3_id_rr_reg|pc_out[22]                            ;
; 4:1                ; 84 bits   ; 168 LEs       ; 84 LEs               ; 84 LEs                 ; Yes        ; |top|core:cpu_core|IF_ID:stage3_if_id_reg|instruction_out[3]                    ;
; 4:1                ; 6 bits    ; 12 LEs        ; 6 LEs                ; 6 LEs                  ; Yes        ; |top|core:cpu_core|ID_RR:stage3_id_rr_reg|immediate_out[5]                      ;
; 6:1                ; 32 bits   ; 128 LEs       ; 128 LEs              ; 0 LEs                  ; Yes        ; |top|core:cpu_core|EX1_EX2:stage5_ex1_ex2_reg|operand_a_out[31]                 ;
; 7:1                ; 17 bits   ; 68 LEs        ; 34 LEs               ; 34 LEs                 ; Yes        ; |top|core:cpu_core|MEM_WB:stage7_mem_wb_reg|mem_read_data_out[23]               ;
; 7:1                ; 2 bits    ; 8 LEs         ; 4 LEs                ; 4 LEs                  ; Yes        ; |top|core:cpu_core|pc_update:stage1_fetch|pc[0]                                 ;
; 8:1                ; 30 bits   ; 150 LEs       ; 120 LEs              ; 30 LEs                 ; Yes        ; |top|core:cpu_core|pc_update:stage1_fetch|pc[25]                                ;
; 10:1               ; 5 bits    ; 30 LEs        ; 15 LEs               ; 15 LEs                 ; Yes        ; |top|core:cpu_core|MEM_WB:stage7_mem_wb_reg|mem_read_data_out[14]               ;
; 10:1               ; 2 bits    ; 12 LEs        ; 8 LEs                ; 4 LEs                  ; Yes        ; |top|core:cpu_core|MEM_WB:stage7_mem_wb_reg|mem_read_data_out[8]                ;
; 130:1              ; 4 bits    ; 344 LEs       ; 8 LEs                ; 336 LEs                ; Yes        ; |top|core:cpu_core|ID_RR:stage3_id_rr_reg|immediate_out[2]                      ;
; 130:1              ; 11 bits   ; 946 LEs       ; 22 LEs               ; 924 LEs                ; Yes        ; |top|core:cpu_core|ID_RR:stage3_id_rr_reg|immediate_out[25]                     ;
; 130:1              ; 8 bits    ; 688 LEs       ; 16 LEs               ; 672 LEs                ; Yes        ; |top|core:cpu_core|ID_RR:stage3_id_rr_reg|immediate_out[18]                     ;
; 13:1               ; 7 bits    ; 56 LEs        ; 28 LEs               ; 28 LEs                 ; Yes        ; |top|core:cpu_core|MEM_WB:stage7_mem_wb_reg|mem_read_data_out[0]                ;
; 136:1              ; 2 bits    ; 180 LEs       ; 22 LEs               ; 158 LEs                ; Yes        ; |top|core:cpu_core|ID_RR:stage3_id_rr_reg|alu_op_out[1]                         ;
; 4:1                ; 32 bits   ; 64 LEs        ; 64 LEs               ; 0 LEs                  ; No         ; |top|core:cpu_core|data_sel:stage5_data_sel|Mux33                               ;
; 3:1                ; 10 bits   ; 20 LEs        ; 20 LEs               ; 0 LEs                  ; No         ; |top|core:cpu_core|ID_RR:stage3_id_rr_reg|rs2_out                               ;
; 4:1                ; 10 bits   ; 20 LEs        ; 20 LEs               ; 0 LEs                  ; No         ; |top|core:cpu_core|IF_ID:stage3_if_id_reg|pc_out                                ;
; 7:1                ; 8 bits    ; 32 LEs        ; 16 LEs               ; 16 LEs                 ; No         ; |top|core:cpu_core|memory:stage8_memory_system|data_mem:dmem|forwarded_word[26] ;
; 7:1                ; 8 bits    ; 32 LEs        ; 16 LEs               ; 16 LEs                 ; No         ; |top|core:cpu_core|memory:stage8_memory_system|data_mem:dmem|forwarded_word[19] ;
; 7:1                ; 8 bits    ; 32 LEs        ; 16 LEs               ; 16 LEs                 ; No         ; |top|core:cpu_core|memory:stage8_memory_system|data_mem:dmem|forwarded_word[11] ;
; 19:1               ; 8 bits    ; 96 LEs        ; 64 LEs               ; 32 LEs                 ; No         ; |top|core:cpu_core|alu:stage6_alu|Mux16                                         ;
; 20:1               ; 7 bits    ; 91 LEs        ; 70 LEs               ; 21 LEs                 ; No         ; |top|core:cpu_core|alu:stage6_alu|Mux10                                         ;
; 20:1               ; 4 bits    ; 52 LEs        ; 40 LEs               ; 12 LEs                 ; No         ; |top|core:cpu_core|alu:stage6_alu|Mux24                                         ;
; 21:1               ; 4 bits    ; 56 LEs        ; 40 LEs               ; 16 LEs                 ; No         ; |top|core:cpu_core|alu:stage6_alu|Mux7                                          ;
; 21:1               ; 2 bits    ; 28 LEs        ; 20 LEs               ; 8 LEs                  ; No         ; |top|core:cpu_core|alu:stage6_alu|Mux29                                         ;
; 22:1               ; 2 bits    ; 28 LEs        ; 20 LEs               ; 8 LEs                  ; No         ; |top|core:cpu_core|alu:stage6_alu|Mux2                                          ;
+--------------------+-----------+---------------+----------------------+------------------------+------------+---------------------------------------------------------------------------------+


+-------------------------------------------------------------------------------------------------------------------------+
; Source assignments for core:cpu_core|regfile:stage4_regfile|altsyncram:registers_b_rtl_0|altsyncram_uam1:auto_generated ;
+---------------------------------+--------------------+------+-----------------------------------------------------------+
; Assignment                      ; Value              ; From ; To                                                        ;
+---------------------------------+--------------------+------+-----------------------------------------------------------+
; OPTIMIZE_POWER_DURING_SYNTHESIS ; NORMAL_COMPILATION ; -    ; -                                                         ;
+---------------------------------+--------------------+------+-----------------------------------------------------------+


+-------------------------------------------------------------------------------------------------------------------------+
; Source assignments for core:cpu_core|regfile:stage4_regfile|altsyncram:registers_a_rtl_0|altsyncram_tam1:auto_generated ;
+---------------------------------+--------------------+------+-----------------------------------------------------------+
; Assignment                      ; Value              ; From ; To                                                        ;
+---------------------------------+--------------------+------+-----------------------------------------------------------+
; OPTIMIZE_POWER_DURING_SYNTHESIS ; NORMAL_COMPILATION ; -    ; -                                                         ;
+---------------------------------+--------------------+------+-----------------------------------------------------------+


+---------------------------------------------------------------------------------------------------------------------------------------+
; Source assignments for core:cpu_core|memory:stage8_memory_system|data_mem:dmem|altsyncram:memory_rtl_0|altsyncram_oqm1:auto_generated ;
+---------------------------------+--------------------+------+-------------------------------------------------------------------------+
; Assignment                      ; Value              ; From ; To                                                                      ;
+---------------------------------+--------------------+------+-------------------------------------------------------------------------+
; OPTIMIZE_POWER_DURING_SYNTHESIS ; NORMAL_COMPILATION ; -    ; -                                                                       ;
+---------------------------------+--------------------+------+-------------------------------------------------------------------------+


+---------------------------------------------------------------------------------------------------------------+
; Source assignments for core:cpu_core|bht:stage4_bht|altsyncram:bht_table_rtl_0|altsyncram_qrl1:auto_generated ;
+---------------------------------+--------------------+------+-------------------------------------------------+
; Assignment                      ; Value              ; From ; To                                              ;
+---------------------------------+--------------------+------+-------------------------------------------------+
; OPTIMIZE_POWER_DURING_SYNTHESIS ; NORMAL_COMPILATION ; -    ; -                                               ;
+---------------------------------+--------------------+------+-------------------------------------------------+


+-------------------------------------------------------------------------------------------------------------------------------+
; Source assignments for core:cpu_core|instr_mem:stage2_imem|altsyncram:instruction_memory_rtl_0|altsyncram_eu81:auto_generated ;
+---------------------------------+--------------------+------+-----------------------------------------------------------------+
; Assignment                      ; Value              ; From ; To                                                              ;
+---------------------------------+--------------------+------+-----------------------------------------------------------------+
; OPTIMIZE_POWER_DURING_SYNTHESIS ; NORMAL_COMPILATION ; -    ; -                                                               ;
+---------------------------------+--------------------+------+-----------------------------------------------------------------+


+-----------------------------------------------------------------------------------+
; Parameter Settings for User Entity Instance: PLL:pll_inst|altpll:altpll_component ;
+-------------------------------+-------------------+-------------------------------+
; Parameter Name                ; Value             ; Type                          ;
+-------------------------------+-------------------+-------------------------------+
; OPERATION_MODE                ; NORMAL            ; Untyped                       ;
; PLL_TYPE                      ; AUTO              ; Untyped                       ;
; LPM_HINT                      ; UNUSED            ; Untyped                       ;
; QUALIFY_CONF_DONE             ; OFF               ; Untyped                       ;
; COMPENSATE_CLOCK              ; CLK0              ; Untyped                       ;
; SCAN_CHAIN                    ; LONG              ; Untyped                       ;
; PRIMARY_CLOCK                 ; INCLK0            ; Untyped                       ;
; INCLK0_INPUT_FREQUENCY        ; 20000             ; Signed Integer                ;
; INCLK1_INPUT_FREQUENCY        ; 0                 ; Untyped                       ;
; GATE_LOCK_SIGNAL              ; NO                ; Untyped                       ;
; GATE_LOCK_COUNTER             ; 0                 ; Untyped                       ;
; LOCK_HIGH                     ; 1                 ; Untyped                       ;
; LOCK_LOW                      ; 1                 ; Untyped                       ;
; VALID_LOCK_MULTIPLIER         ; 1                 ; Untyped                       ;
; INVALID_LOCK_MULTIPLIER       ; 5                 ; Untyped                       ;
; SWITCH_OVER_ON_LOSSCLK        ; OFF               ; Untyped                       ;
; SWITCH_OVER_ON_GATED_LOCK     ; OFF               ; Untyped                       ;
; ENABLE_SWITCH_OVER_COUNTER    ; OFF               ; Untyped                       ;
; SKIP_VCO                      ; OFF               ; Untyped                       ;
; SWITCH_OVER_COUNTER           ; 0                 ; Untyped                       ;
; SWITCH_OVER_TYPE              ; AUTO              ; Untyped                       ;
; FEEDBACK_SOURCE               ; EXTCLK0           ; Untyped                       ;
; BANDWIDTH                     ; 0                 ; Untyped                       ;
; BANDWIDTH_TYPE                ; AUTO              ; Untyped                       ;
; SPREAD_FREQUENCY              ; 0                 ; Untyped                       ;
; DOWN_SPREAD                   ; 0                 ; Untyped                       ;
; SELF_RESET_ON_GATED_LOSS_LOCK ; OFF               ; Untyped                       ;
; SELF_RESET_ON_LOSS_LOCK       ; OFF               ; Untyped                       ;
; CLK9_MULTIPLY_BY              ; 0                 ; Untyped                       ;
; CLK8_MULTIPLY_BY              ; 0                 ; Untyped                       ;
; CLK7_MULTIPLY_BY              ; 0                 ; Untyped                       ;
; CLK6_MULTIPLY_BY              ; 0                 ; Untyped                       ;
; CLK5_MULTIPLY_BY              ; 1                 ; Untyped                       ;
; CLK4_MULTIPLY_BY              ; 1                 ; Untyped                       ;
; CLK3_MULTIPLY_BY              ; 1                 ; Untyped                       ;
; CLK2_MULTIPLY_BY              ; 1                 ; Untyped                       ;
; CLK1_MULTIPLY_BY              ; 1                 ; Untyped                       ;
; CLK0_MULTIPLY_BY              ; 499               ; Signed Integer                ;
; CLK9_DIVIDE_BY                ; 0                 ; Untyped                       ;
; CLK8_DIVIDE_BY                ; 0                 ; Untyped                       ;
; CLK7_DIVIDE_BY                ; 0                 ; Untyped                       ;
; CLK6_DIVIDE_BY                ; 0                 ; Untyped                       ;
; CLK5_DIVIDE_BY                ; 1                 ; Untyped                       ;
; CLK4_DIVIDE_BY                ; 1                 ; Untyped                       ;
; CLK3_DIVIDE_BY                ; 1                 ; Untyped                       ;
; CLK2_DIVIDE_BY                ; 1                 ; Untyped                       ;
; CLK1_DIVIDE_BY                ; 1                 ; Untyped                       ;
; CLK0_DIVIDE_BY                ; 196               ; Signed Integer                ;
; CLK9_PHASE_SHIFT              ; 0                 ; Untyped                       ;
; CLK8_PHASE_SHIFT              ; 0                 ; Untyped                       ;
; CLK7_PHASE_SHIFT              ; 0                 ; Untyped                       ;
; CLK6_PHASE_SHIFT              ; 0                 ; Untyped                       ;
; CLK5_PHASE_SHIFT              ; 0                 ; Untyped                       ;
; CLK4_PHASE_SHIFT              ; 0                 ; Untyped                       ;
; CLK3_PHASE_SHIFT              ; 0                 ; Untyped                       ;
; CLK2_PHASE_SHIFT              ; 0                 ; Untyped                       ;
; CLK1_PHASE_SHIFT              ; 0                 ; Untyped                       ;
; CLK0_PHASE_SHIFT              ; 0                 ; Untyped                       ;
; CLK5_TIME_DELAY               ; 0                 ; Untyped                       ;
; CLK4_TIME_DELAY               ; 0                 ; Untyped                       ;
; CLK3_TIME_DELAY               ; 0                 ; Untyped                       ;
; CLK2_TIME_DELAY               ; 0                 ; Untyped                       ;
; CLK1_TIME_DELAY               ; 0                 ; Untyped                       ;
; CLK0_TIME_DELAY               ; 0                 ; Untyped                       ;
; CLK9_DUTY_CYCLE               ; 50                ; Untyped                       ;
; CLK8_DUTY_CYCLE               ; 50                ; Untyped                       ;
; CLK7_DUTY_CYCLE               ; 50                ; Untyped                       ;
; CLK6_DUTY_CYCLE               ; 50                ; Untyped                       ;
; CLK5_DUTY_CYCLE               ; 50                ; Untyped                       ;
; CLK4_DUTY_CYCLE               ; 50                ; Untyped                       ;
; CLK3_DUTY_CYCLE               ; 50                ; Untyped                       ;
; CLK2_DUTY_CYCLE               ; 50                ; Untyped                       ;
; CLK1_DUTY_CYCLE               ; 50                ; Untyped                       ;
; CLK0_DUTY_CYCLE               ; 50                ; Signed Integer                ;
; CLK9_USE_EVEN_COUNTER_MODE    ; OFF               ; Untyped                       ;
; CLK8_USE_EVEN_COUNTER_MODE    ; OFF               ; Untyped                       ;
; CLK7_USE_EVEN_COUNTER_MODE    ; OFF               ; Untyped                       ;
; CLK6_USE_EVEN_COUNTER_MODE    ; OFF               ; Untyped                       ;
; CLK5_USE_EVEN_COUNTER_MODE    ; OFF               ; Untyped                       ;
; CLK4_USE_EVEN_COUNTER_MODE    ; OFF               ; Untyped                       ;
; CLK3_USE_EVEN_COUNTER_MODE    ; OFF               ; Untyped                       ;
; CLK2_USE_EVEN_COUNTER_MODE    ; OFF               ; Untyped                       ;
; CLK1_USE_EVEN_COUNTER_MODE    ; OFF               ; Untyped                       ;
; CLK0_USE_EVEN_COUNTER_MODE    ; OFF               ; Untyped                       ;
; CLK9_USE_EVEN_COUNTER_VALUE   ; OFF               ; Untyped                       ;
; CLK8_USE_EVEN_COUNTER_VALUE   ; OFF               ; Untyped                       ;
; CLK7_USE_EVEN_COUNTER_VALUE   ; OFF               ; Untyped                       ;
; CLK6_USE_EVEN_COUNTER_VALUE   ; OFF               ; Untyped                       ;
; CLK5_USE_EVEN_COUNTER_VALUE   ; OFF               ; Untyped                       ;
; CLK4_USE_EVEN_COUNTER_VALUE   ; OFF               ; Untyped                       ;
; CLK3_USE_EVEN_COUNTER_VALUE   ; OFF               ; Untyped                       ;
; CLK2_USE_EVEN_COUNTER_VALUE   ; OFF               ; Untyped                       ;
; CLK1_USE_EVEN_COUNTER_VALUE   ; OFF               ; Untyped                       ;
; CLK0_USE_EVEN_COUNTER_VALUE   ; OFF               ; Untyped                       ;
; LOCK_WINDOW_UI                ;  0.05             ; Untyped                       ;
; LOCK_WINDOW_UI_BITS           ; UNUSED            ; Untyped                       ;
; VCO_RANGE_DETECTOR_LOW_BITS   ; UNUSED            ; Untyped                       ;
; VCO_RANGE_DETECTOR_HIGH_BITS  ; UNUSED            ; Untyped                       ;
; DPA_MULTIPLY_BY               ; 0                 ; Untyped                       ;
; DPA_DIVIDE_BY                 ; 1                 ; Untyped                       ;
; DPA_DIVIDER                   ; 0                 ; Untyped                       ;
; EXTCLK3_MULTIPLY_BY           ; 1                 ; Untyped                       ;
; EXTCLK2_MULTIPLY_BY           ; 1                 ; Untyped                       ;
; EXTCLK1_MULTIPLY_BY           ; 1                 ; Untyped                       ;
; EXTCLK0_MULTIPLY_BY           ; 1                 ; Untyped                       ;
; EXTCLK3_DIVIDE_BY             ; 1                 ; Untyped                       ;
; EXTCLK2_DIVIDE_BY             ; 1                 ; Untyped                       ;
; EXTCLK1_DIVIDE_BY             ; 1                 ; Untyped                       ;
; EXTCLK0_DIVIDE_BY             ; 1                 ; Untyped                       ;
; EXTCLK3_PHASE_SHIFT           ; 0                 ; Untyped                       ;
; EXTCLK2_PHASE_SHIFT           ; 0                 ; Untyped                       ;
; EXTCLK1_PHASE_SHIFT           ; 0                 ; Untyped                       ;
; EXTCLK0_PHASE_SHIFT           ; 0                 ; Untyped                       ;
; EXTCLK3_TIME_DELAY            ; 0                 ; Untyped                       ;
; EXTCLK2_TIME_DELAY            ; 0                 ; Untyped                       ;
; EXTCLK1_TIME_DELAY            ; 0                 ; Untyped                       ;
; EXTCLK0_TIME_DELAY            ; 0                 ; Untyped                       ;
; EXTCLK3_DUTY_CYCLE            ; 50                ; Untyped                       ;
; EXTCLK2_DUTY_CYCLE            ; 50                ; Untyped                       ;
; EXTCLK1_DUTY_CYCLE            ; 50                ; Untyped                       ;
; EXTCLK0_DUTY_CYCLE            ; 50                ; Untyped                       ;
; VCO_MULTIPLY_BY               ; 0                 ; Untyped                       ;
; VCO_DIVIDE_BY                 ; 0                 ; Untyped                       ;
; SCLKOUT0_PHASE_SHIFT          ; 0                 ; Untyped                       ;
; SCLKOUT1_PHASE_SHIFT          ; 0                 ; Untyped                       ;
; VCO_MIN                       ; 0                 ; Untyped                       ;
; VCO_MAX                       ; 0                 ; Untyped                       ;
; VCO_CENTER                    ; 0                 ; Untyped                       ;
; PFD_MIN                       ; 0                 ; Untyped                       ;
; PFD_MAX                       ; 0                 ; Untyped                       ;
; M_INITIAL                     ; 0                 ; Untyped                       ;
; M                             ; 0                 ; Untyped                       ;
; N                             ; 1                 ; Untyped                       ;
; M2                            ; 1                 ; Untyped                       ;
; N2                            ; 1                 ; Untyped                       ;
; SS                            ; 1                 ; Untyped                       ;
; C0_HIGH                       ; 0                 ; Untyped                       ;
; C1_HIGH                       ; 0                 ; Untyped                       ;
; C2_HIGH                       ; 0                 ; Untyped                       ;
; C3_HIGH                       ; 0                 ; Untyped                       ;
; C4_HIGH                       ; 0                 ; Untyped                       ;
; C5_HIGH                       ; 0                 ; Untyped                       ;
; C6_HIGH                       ; 0                 ; Untyped                       ;
; C7_HIGH                       ; 0                 ; Untyped                       ;
; C8_HIGH                       ; 0                 ; Untyped                       ;
; C9_HIGH                       ; 0                 ; Untyped                       ;
; C0_LOW                        ; 0                 ; Untyped                       ;
; C1_LOW                        ; 0                 ; Untyped                       ;
; C2_LOW                        ; 0                 ; Untyped                       ;
; C3_LOW                        ; 0                 ; Untyped                       ;
; C4_LOW                        ; 0                 ; Untyped                       ;
; C5_LOW                        ; 0                 ; Untyped                       ;
; C6_LOW                        ; 0                 ; Untyped                       ;
; C7_LOW                        ; 0                 ; Untyped                       ;
; C8_LOW                        ; 0                 ; Untyped                       ;
; C9_LOW                        ; 0                 ; Untyped                       ;
; C0_INITIAL                    ; 0                 ; Untyped                       ;
; C1_INITIAL                    ; 0                 ; Untyped                       ;
; C2_INITIAL                    ; 0                 ; Untyped                       ;
; C3_INITIAL                    ; 0                 ; Untyped                       ;
; C4_INITIAL                    ; 0                 ; Untyped                       ;
; C5_INITIAL                    ; 0                 ; Untyped                       ;
; C6_INITIAL                    ; 0                 ; Untyped                       ;
; C7_INITIAL                    ; 0                 ; Untyped                       ;
; C8_INITIAL                    ; 0                 ; Untyped                       ;
; C9_INITIAL                    ; 0                 ; Untyped                       ;
; C0_MODE                       ; BYPASS            ; Untyped                       ;
; C1_MODE                       ; BYPASS            ; Untyped                       ;
; C2_MODE                       ; BYPASS            ; Untyped                       ;
; C3_MODE                       ; BYPASS            ; Untyped                       ;
; C4_MODE                       ; BYPASS            ; Untyped                       ;
; C5_MODE                       ; BYPASS            ; Untyped                       ;
; C6_MODE                       ; BYPASS            ; Untyped                       ;
; C7_MODE                       ; BYPASS            ; Untyped                       ;
; C8_MODE                       ; BYPASS            ; Untyped                       ;
; C9_MODE                       ; BYPASS            ; Untyped                       ;
; C0_PH                         ; 0                 ; Untyped                       ;
; C1_PH                         ; 0                 ; Untyped                       ;
; C2_PH                         ; 0                 ; Untyped                       ;
; C3_PH                         ; 0                 ; Untyped                       ;
; C4_PH                         ; 0                 ; Untyped                       ;
; C5_PH                         ; 0                 ; Untyped                       ;
; C6_PH                         ; 0                 ; Untyped                       ;
; C7_PH                         ; 0                 ; Untyped                       ;
; C8_PH                         ; 0                 ; Untyped                       ;
; C9_PH                         ; 0                 ; Untyped                       ;
; L0_HIGH                       ; 1                 ; Untyped                       ;
; L1_HIGH                       ; 1                 ; Untyped                       ;
; G0_HIGH                       ; 1                 ; Untyped                       ;
; G1_HIGH                       ; 1                 ; Untyped                       ;
; G2_HIGH                       ; 1                 ; Untyped                       ;
; G3_HIGH                       ; 1                 ; Untyped                       ;
; E0_HIGH                       ; 1                 ; Untyped                       ;
; E1_HIGH                       ; 1                 ; Untyped                       ;
; E2_HIGH                       ; 1                 ; Untyped                       ;
; E3_HIGH                       ; 1                 ; Untyped                       ;
; L0_LOW                        ; 1                 ; Untyped                       ;
; L1_LOW                        ; 1                 ; Untyped                       ;
; G0_LOW                        ; 1                 ; Untyped                       ;
; G1_LOW                        ; 1                 ; Untyped                       ;
; G2_LOW                        ; 1                 ; Untyped                       ;
; G3_LOW                        ; 1                 ; Untyped                       ;
; E0_LOW                        ; 1                 ; Untyped                       ;
; E1_LOW                        ; 1                 ; Untyped                       ;
; E2_LOW                        ; 1                 ; Untyped                       ;
; E3_LOW                        ; 1                 ; Untyped                       ;
; L0_INITIAL                    ; 1                 ; Untyped                       ;
; L1_INITIAL                    ; 1                 ; Untyped                       ;
; G0_INITIAL                    ; 1                 ; Untyped                       ;
; G1_INITIAL                    ; 1                 ; Untyped                       ;
; G2_INITIAL                    ; 1                 ; Untyped                       ;
; G3_INITIAL                    ; 1                 ; Untyped                       ;
; E0_INITIAL                    ; 1                 ; Untyped                       ;
; E1_INITIAL                    ; 1                 ; Untyped                       ;
; E2_INITIAL                    ; 1                 ; Untyped                       ;
; E3_INITIAL                    ; 1                 ; Untyped                       ;
; L0_MODE                       ; BYPASS            ; Untyped                       ;
; L1_MODE                       ; BYPASS            ; Untyped                       ;
; G0_MODE                       ; BYPASS            ; Untyped                       ;
; G1_MODE                       ; BYPASS            ; Untyped                       ;
; G2_MODE                       ; BYPASS            ; Untyped                       ;
; G3_MODE                       ; BYPASS            ; Untyped                       ;
; E0_MODE                       ; BYPASS            ; Untyped                       ;
; E1_MODE                       ; BYPASS            ; Untyped                       ;
; E2_MODE                       ; BYPASS            ; Untyped                       ;
; E3_MODE                       ; BYPASS            ; Untyped                       ;
; L0_PH                         ; 0                 ; Untyped                       ;
; L1_PH                         ; 0                 ; Untyped                       ;
; G0_PH                         ; 0                 ; Untyped                       ;
; G1_PH                         ; 0                 ; Untyped                       ;
; G2_PH                         ; 0                 ; Untyped                       ;
; G3_PH                         ; 0                 ; Untyped                       ;
; E0_PH                         ; 0                 ; Untyped                       ;
; E1_PH                         ; 0                 ; Untyped                       ;
; E2_PH                         ; 0                 ; Untyped                       ;
; E3_PH                         ; 0                 ; Untyped                       ;
; M_PH                          ; 0                 ; Untyped                       ;
; C1_USE_CASC_IN                ; OFF               ; Untyped                       ;
; C2_USE_CASC_IN                ; OFF               ; Untyped                       ;
; C3_USE_CASC_IN                ; OFF               ; Untyped                       ;
; C4_USE_CASC_IN                ; OFF               ; Untyped                       ;
; C5_USE_CASC_IN                ; OFF               ; Untyped                       ;
; C6_USE_CASC_IN                ; OFF               ; Untyped                       ;
; C7_USE_CASC_IN                ; OFF               ; Untyped                       ;
; C8_USE_CASC_IN                ; OFF               ; Untyped                       ;
; C9_USE_CASC_IN                ; OFF               ; Untyped                       ;
; CLK0_COUNTER                  ; G0                ; Untyped                       ;
; CLK1_COUNTER                  ; G0                ; Untyped                       ;
; CLK2_COUNTER                  ; G0                ; Untyped                       ;
; CLK3_COUNTER                  ; G0                ; Untyped                       ;
; CLK4_COUNTER                  ; G0                ; Untyped                       ;
; CLK5_COUNTER                  ; G0                ; Untyped                       ;
; CLK6_COUNTER                  ; E0                ; Untyped                       ;
; CLK7_COUNTER                  ; E1                ; Untyped                       ;
; CLK8_COUNTER                  ; E2                ; Untyped                       ;
; CLK9_COUNTER                  ; E3                ; Untyped                       ;
; L0_TIME_DELAY                 ; 0                 ; Untyped                       ;
; L1_TIME_DELAY                 ; 0                 ; Untyped                       ;
; G0_TIME_DELAY                 ; 0                 ; Untyped                       ;
; G1_TIME_DELAY                 ; 0                 ; Untyped                       ;
; G2_TIME_DELAY                 ; 0                 ; Untyped                       ;
; G3_TIME_DELAY                 ; 0                 ; Untyped                       ;
; E0_TIME_DELAY                 ; 0                 ; Untyped                       ;
; E1_TIME_DELAY                 ; 0                 ; Untyped                       ;
; E2_TIME_DELAY                 ; 0                 ; Untyped                       ;
; E3_TIME_DELAY                 ; 0                 ; Untyped                       ;
; M_TIME_DELAY                  ; 0                 ; Untyped                       ;
; N_TIME_DELAY                  ; 0                 ; Untyped                       ;
; EXTCLK3_COUNTER               ; E3                ; Untyped                       ;
; EXTCLK2_COUNTER               ; E2                ; Untyped                       ;
; EXTCLK1_COUNTER               ; E1                ; Untyped                       ;
; EXTCLK0_COUNTER               ; E0                ; Untyped                       ;
; ENABLE0_COUNTER               ; L0                ; Untyped                       ;
; ENABLE1_COUNTER               ; L0                ; Untyped                       ;
; CHARGE_PUMP_CURRENT           ; 2                 ; Untyped                       ;
; LOOP_FILTER_R                 ;  1.000000         ; Untyped                       ;
; LOOP_FILTER_C                 ; 5                 ; Untyped                       ;
; CHARGE_PUMP_CURRENT_BITS      ; 9999              ; Untyped                       ;
; LOOP_FILTER_R_BITS            ; 9999              ; Untyped                       ;
; LOOP_FILTER_C_BITS            ; 9999              ; Untyped                       ;
; VCO_POST_SCALE                ; 0                 ; Untyped                       ;
; CLK2_OUTPUT_FREQUENCY         ; 0                 ; Untyped                       ;
; CLK1_OUTPUT_FREQUENCY         ; 0                 ; Untyped                       ;
; CLK0_OUTPUT_FREQUENCY         ; 0                 ; Untyped                       ;
; INTENDED_DEVICE_FAMILY        ; MAX 10            ; Untyped                       ;
; PORT_CLKENA0                  ; PORT_UNUSED       ; Untyped                       ;
; PORT_CLKENA1                  ; PORT_UNUSED       ; Untyped                       ;
; PORT_CLKENA2                  ; PORT_UNUSED       ; Untyped                       ;
; PORT_CLKENA3                  ; PORT_UNUSED       ; Untyped                       ;
; PORT_CLKENA4                  ; PORT_UNUSED       ; Untyped                       ;
; PORT_CLKENA5                  ; PORT_UNUSED       ; Untyped                       ;
; PORT_EXTCLKENA0               ; PORT_CONNECTIVITY ; Untyped                       ;
; PORT_EXTCLKENA1               ; PORT_CONNECTIVITY ; Untyped                       ;
; PORT_EXTCLKENA2               ; PORT_CONNECTIVITY ; Untyped                       ;
; PORT_EXTCLKENA3               ; PORT_CONNECTIVITY ; Untyped                       ;
; PORT_EXTCLK0                  ; PORT_UNUSED       ; Untyped                       ;
; PORT_EXTCLK1                  ; PORT_UNUSED       ; Untyped                       ;
; PORT_EXTCLK2                  ; PORT_UNUSED       ; Untyped                       ;
; PORT_EXTCLK3                  ; PORT_UNUSED       ; Untyped                       ;
; PORT_CLKBAD0                  ; PORT_UNUSED       ; Untyped                       ;
; PORT_CLKBAD1                  ; PORT_UNUSED       ; Untyped                       ;
; PORT_CLK0                     ; PORT_USED         ; Untyped                       ;
; PORT_CLK1                     ; PORT_UNUSED       ; Untyped                       ;
; PORT_CLK2                     ; PORT_UNUSED       ; Untyped                       ;
; PORT_CLK3                     ; PORT_UNUSED       ; Untyped                       ;
; PORT_CLK4                     ; PORT_UNUSED       ; Untyped                       ;
; PORT_CLK5                     ; PORT_UNUSED       ; Untyped                       ;
; PORT_CLK6                     ; PORT_UNUSED       ; Untyped                       ;
; PORT_CLK7                     ; PORT_UNUSED       ; Untyped                       ;
; PORT_CLK8                     ; PORT_UNUSED       ; Untyped                       ;
; PORT_CLK9                     ; PORT_UNUSED       ; Untyped                       ;
; PORT_SCANDATA                 ; PORT_UNUSED       ; Untyped                       ;
; PORT_SCANDATAOUT              ; PORT_UNUSED       ; Untyped                       ;
; PORT_SCANDONE                 ; PORT_UNUSED       ; Untyped                       ;
; PORT_SCLKOUT1                 ; PORT_CONNECTIVITY ; Untyped                       ;
; PORT_SCLKOUT0                 ; PORT_CONNECTIVITY ; Untyped                       ;
; PORT_ACTIVECLOCK              ; PORT_UNUSED       ; Untyped                       ;
; PORT_CLKLOSS                  ; PORT_UNUSED       ; Untyped                       ;
; PORT_INCLK1                   ; PORT_UNUSED       ; Untyped                       ;
; PORT_INCLK0                   ; PORT_USED         ; Untyped                       ;
; PORT_FBIN                     ; PORT_UNUSED       ; Untyped                       ;
; PORT_PLLENA                   ; PORT_UNUSED       ; Untyped                       ;
; PORT_CLKSWITCH                ; PORT_CONNECTIVITY ; Untyped                       ;
; PORT_ARESET                   ; PORT_UNUSED       ; Untyped                       ;
; PORT_PFDENA                   ; PORT_UNUSED       ; Untyped                       ;
; PORT_SCANCLK                  ; PORT_UNUSED       ; Untyped                       ;
; PORT_SCANACLR                 ; PORT_UNUSED       ; Untyped                       ;
; PORT_SCANREAD                 ; PORT_UNUSED       ; Untyped                       ;
; PORT_SCANWRITE                ; PORT_UNUSED       ; Untyped                       ;
; PORT_ENABLE0                  ; PORT_CONNECTIVITY ; Untyped                       ;
; PORT_ENABLE1                  ; PORT_CONNECTIVITY ; Untyped                       ;
; PORT_LOCKED                   ; PORT_USED         ; Untyped                       ;
; PORT_CONFIGUPDATE             ; PORT_CONNECTIVITY ; Untyped                       ;
; PORT_FBOUT                    ; PORT_CONNECTIVITY ; Untyped                       ;
; PORT_PHASEDONE                ; PORT_UNUSED       ; Untyped                       ;
; PORT_PHASESTEP                ; PORT_UNUSED       ; Untyped                       ;
; PORT_PHASEUPDOWN              ; PORT_UNUSED       ; Untyped                       ;
; PORT_SCANCLKENA               ; PORT_UNUSED       ; Untyped                       ;
; PORT_PHASECOUNTERSELECT       ; PORT_UNUSED       ; Untyped                       ;
; PORT_VCOOVERRANGE             ; PORT_UNUSED       ; Untyped                       ;
; PORT_VCOUNDERRANGE            ; PORT_UNUSED       ; Untyped                       ;
; M_TEST_SOURCE                 ; 5                 ; Untyped                       ;
; C0_TEST_SOURCE                ; 5                 ; Untyped                       ;
; C1_TEST_SOURCE                ; 5                 ; Untyped                       ;
; C2_TEST_SOURCE                ; 5                 ; Untyped                       ;
; C3_TEST_SOURCE                ; 5                 ; Untyped                       ;
; C4_TEST_SOURCE                ; 5                 ; Untyped                       ;
; C5_TEST_SOURCE                ; 5                 ; Untyped                       ;
; C6_TEST_SOURCE                ; 5                 ; Untyped                       ;
; C7_TEST_SOURCE                ; 5                 ; Untyped                       ;
; C8_TEST_SOURCE                ; 5                 ; Untyped                       ;
; C9_TEST_SOURCE                ; 5                 ; Untyped                       ;
; CBXI_PARAMETER                ; altpll_qdb2       ; Untyped                       ;
; VCO_FREQUENCY_CONTROL         ; AUTO              ; Untyped                       ;
; VCO_PHASE_SHIFT_STEP          ; 0                 ; Untyped                       ;
; WIDTH_CLOCK                   ; 5                 ; Signed Integer                ;
; WIDTH_PHASECOUNTERSELECT      ; 4                 ; Untyped                       ;
; USING_FBMIMICBIDIR_PORT       ; OFF               ; Untyped                       ;
; DEVICE_FAMILY                 ; MAX 10            ; Untyped                       ;
; SCAN_CHAIN_MIF_FILE           ; UNUSED            ; Untyped                       ;
; SIM_GATE_LOCK_DEVICE_BEHAVIOR ; OFF               ; Untyped                       ;
; AUTO_CARRY_CHAINS             ; ON                ; AUTO_CARRY                    ;
; IGNORE_CARRY_BUFFERS          ; OFF               ; IGNORE_CARRY                  ;
; AUTO_CASCADE_CHAINS           ; ON                ; AUTO_CASCADE                  ;
; IGNORE_CASCADE_BUFFERS        ; OFF               ; IGNORE_CASCADE                ;
+-------------------------------+-------------------+-------------------------------+
Note: In order to hide this table in the UI and the text report file, please set the "Show Parameter Settings in Synthesis Report" option in "Analysis and Synthesis Settings -> More Settings" to "Off".


+--------------------------------------------------------------------------------------------------------------------+
; Parameter Settings for Inferred Entity Instance: core:cpu_core|regfile:stage4_regfile|altsyncram:registers_b_rtl_0 ;
+------------------------------------+--------------------------------------+----------------------------------------+
; Parameter Name                     ; Value                                ; Type                                   ;
+------------------------------------+--------------------------------------+----------------------------------------+
; BYTE_SIZE_BLOCK                    ; 8                                    ; Untyped                                ;
; AUTO_CARRY_CHAINS                  ; ON                                   ; AUTO_CARRY                             ;
; IGNORE_CARRY_BUFFERS               ; OFF                                  ; IGNORE_CARRY                           ;
; AUTO_CASCADE_CHAINS                ; ON                                   ; AUTO_CASCADE                           ;
; IGNORE_CASCADE_BUFFERS             ; OFF                                  ; IGNORE_CASCADE                         ;
; WIDTH_BYTEENA                      ; 1                                    ; Untyped                                ;
; OPERATION_MODE                     ; DUAL_PORT                            ; Untyped                                ;
; WIDTH_A                            ; 32                                   ; Untyped                                ;
; WIDTHAD_A                          ; 5                                    ; Untyped                                ;
; NUMWORDS_A                         ; 32                                   ; Untyped                                ;
; OUTDATA_REG_A                      ; UNREGISTERED                         ; Untyped                                ;
; ADDRESS_ACLR_A                     ; NONE                                 ; Untyped                                ;
; OUTDATA_ACLR_A                     ; NONE                                 ; Untyped                                ;
; WRCONTROL_ACLR_A                   ; NONE                                 ; Untyped                                ;
; INDATA_ACLR_A                      ; NONE                                 ; Untyped                                ;
; BYTEENA_ACLR_A                     ; NONE                                 ; Untyped                                ;
; WIDTH_B                            ; 32                                   ; Untyped                                ;
; WIDTHAD_B                          ; 5                                    ; Untyped                                ;
; NUMWORDS_B                         ; 32                                   ; Untyped                                ;
; INDATA_REG_B                       ; CLOCK1                               ; Untyped                                ;
; WRCONTROL_WRADDRESS_REG_B          ; CLOCK1                               ; Untyped                                ;
; RDCONTROL_REG_B                    ; CLOCK1                               ; Untyped                                ;
; ADDRESS_REG_B                      ; CLOCK0                               ; Untyped                                ;
; OUTDATA_REG_B                      ; UNREGISTERED                         ; Untyped                                ;
; BYTEENA_REG_B                      ; CLOCK1                               ; Untyped                                ;
; INDATA_ACLR_B                      ; NONE                                 ; Untyped                                ;
; WRCONTROL_ACLR_B                   ; NONE                                 ; Untyped                                ;
; ADDRESS_ACLR_B                     ; NONE                                 ; Untyped                                ;
; OUTDATA_ACLR_B                     ; NONE                                 ; Untyped                                ;
; RDCONTROL_ACLR_B                   ; NONE                                 ; Untyped                                ;
; BYTEENA_ACLR_B                     ; NONE                                 ; Untyped                                ;
; WIDTH_BYTEENA_A                    ; 1                                    ; Untyped                                ;
; WIDTH_BYTEENA_B                    ; 1                                    ; Untyped                                ;
; RAM_BLOCK_TYPE                     ; M9K                                  ; Untyped                                ;
; BYTE_SIZE                          ; 8                                    ; Untyped                                ;
; READ_DURING_WRITE_MODE_MIXED_PORTS ; OLD_DATA                             ; Untyped                                ;
; READ_DURING_WRITE_MODE_PORT_A      ; NEW_DATA_NO_NBE_READ                 ; Untyped                                ;
; READ_DURING_WRITE_MODE_PORT_B      ; NEW_DATA_NO_NBE_READ                 ; Untyped                                ;
; INIT_FILE                          ; db/cpu.ram1_regfile_4c9f4da2.hdl.mif ; Untyped                                ;
; INIT_FILE_LAYOUT                   ; PORT_A                               ; Untyped                                ;
; MAXIMUM_DEPTH                      ; 0                                    ; Untyped                                ;
; CLOCK_ENABLE_INPUT_A               ; NORMAL                               ; Untyped                                ;
; CLOCK_ENABLE_INPUT_B               ; NORMAL                               ; Untyped                                ;
; CLOCK_ENABLE_OUTPUT_A              ; NORMAL                               ; Untyped                                ;
; CLOCK_ENABLE_OUTPUT_B              ; NORMAL                               ; Untyped                                ;
; CLOCK_ENABLE_CORE_A                ; USE_INPUT_CLKEN                      ; Untyped                                ;
; CLOCK_ENABLE_CORE_B                ; USE_INPUT_CLKEN                      ; Untyped                                ;
; ENABLE_ECC                         ; FALSE                                ; Untyped                                ;
; ECC_PIPELINE_STAGE_ENABLED         ; FALSE                                ; Untyped                                ;
; WIDTH_ECCSTATUS                    ; 3                                    ; Untyped                                ;
; DEVICE_FAMILY                      ; MAX 10                               ; Untyped                                ;
; CBXI_PARAMETER                     ; altsyncram_uam1                      ; Untyped                                ;
+------------------------------------+--------------------------------------+----------------------------------------+
Note: In order to hide this table in the UI and the text report file, please set the "Show Parameter Settings in Synthesis Report" option in "Analysis and Synthesis Settings -> More Settings" to "Off".


+--------------------------------------------------------------------------------------------------------------------+
; Parameter Settings for Inferred Entity Instance: core:cpu_core|regfile:stage4_regfile|altsyncram:registers_a_rtl_0 ;
+------------------------------------+--------------------------------------+----------------------------------------+
; Parameter Name                     ; Value                                ; Type                                   ;
+------------------------------------+--------------------------------------+----------------------------------------+
; BYTE_SIZE_BLOCK                    ; 8                                    ; Untyped                                ;
; AUTO_CARRY_CHAINS                  ; ON                                   ; AUTO_CARRY                             ;
; IGNORE_CARRY_BUFFERS               ; OFF                                  ; IGNORE_CARRY                           ;
; AUTO_CASCADE_CHAINS                ; ON                                   ; AUTO_CASCADE                           ;
; IGNORE_CASCADE_BUFFERS             ; OFF                                  ; IGNORE_CASCADE                         ;
; WIDTH_BYTEENA                      ; 1                                    ; Untyped                                ;
; OPERATION_MODE                     ; DUAL_PORT                            ; Untyped                                ;
; WIDTH_A                            ; 32                                   ; Untyped                                ;
; WIDTHAD_A                          ; 5                                    ; Untyped                                ;
; NUMWORDS_A                         ; 32                                   ; Untyped                                ;
; OUTDATA_REG_A                      ; UNREGISTERED                         ; Untyped                                ;
; ADDRESS_ACLR_A                     ; NONE                                 ; Untyped                                ;
; OUTDATA_ACLR_A                     ; NONE                                 ; Untyped                                ;
; WRCONTROL_ACLR_A                   ; NONE                                 ; Untyped                                ;
; INDATA_ACLR_A                      ; NONE                                 ; Untyped                                ;
; BYTEENA_ACLR_A                     ; NONE                                 ; Untyped                                ;
; WIDTH_B                            ; 32                                   ; Untyped                                ;
; WIDTHAD_B                          ; 5                                    ; Untyped                                ;
; NUMWORDS_B                         ; 32                                   ; Untyped                                ;
; INDATA_REG_B                       ; CLOCK1                               ; Untyped                                ;
; WRCONTROL_WRADDRESS_REG_B          ; CLOCK1                               ; Untyped                                ;
; RDCONTROL_REG_B                    ; CLOCK1                               ; Untyped                                ;
; ADDRESS_REG_B                      ; CLOCK0                               ; Untyped                                ;
; OUTDATA_REG_B                      ; UNREGISTERED                         ; Untyped                                ;
; BYTEENA_REG_B                      ; CLOCK1                               ; Untyped                                ;
; INDATA_ACLR_B                      ; NONE                                 ; Untyped                                ;
; WRCONTROL_ACLR_B                   ; NONE                                 ; Untyped                                ;
; ADDRESS_ACLR_B                     ; NONE                                 ; Untyped                                ;
; OUTDATA_ACLR_B                     ; NONE                                 ; Untyped                                ;
; RDCONTROL_ACLR_B                   ; NONE                                 ; Untyped                                ;
; BYTEENA_ACLR_B                     ; NONE                                 ; Untyped                                ;
; WIDTH_BYTEENA_A                    ; 1                                    ; Untyped                                ;
; WIDTH_BYTEENA_B                    ; 1                                    ; Untyped                                ;
; RAM_BLOCK_TYPE                     ; M9K                                  ; Untyped                                ;
; BYTE_SIZE                          ; 8                                    ; Untyped                                ;
; READ_DURING_WRITE_MODE_MIXED_PORTS ; OLD_DATA                             ; Untyped                                ;
; READ_DURING_WRITE_MODE_PORT_A      ; NEW_DATA_NO_NBE_READ                 ; Untyped                                ;
; READ_DURING_WRITE_MODE_PORT_B      ; NEW_DATA_NO_NBE_READ                 ; Untyped                                ;
; INIT_FILE                          ; db/cpu.ram0_regfile_4c9f4da2.hdl.mif ; Untyped                                ;
; INIT_FILE_LAYOUT                   ; PORT_A                               ; Untyped                                ;
; MAXIMUM_DEPTH                      ; 0                                    ; Untyped                                ;
; CLOCK_ENABLE_INPUT_A               ; NORMAL                               ; Untyped                                ;
; CLOCK_ENABLE_INPUT_B               ; NORMAL                               ; Untyped                                ;
; CLOCK_ENABLE_OUTPUT_A              ; NORMAL                               ; Untyped                                ;
; CLOCK_ENABLE_OUTPUT_B              ; NORMAL                               ; Untyped                                ;
; CLOCK_ENABLE_CORE_A                ; USE_INPUT_CLKEN                      ; Untyped                                ;
; CLOCK_ENABLE_CORE_B                ; USE_INPUT_CLKEN                      ; Untyped                                ;
; ENABLE_ECC                         ; FALSE                                ; Untyped                                ;
; ECC_PIPELINE_STAGE_ENABLED         ; FALSE                                ; Untyped                                ;
; WIDTH_ECCSTATUS                    ; 3                                    ; Untyped                                ;
; DEVICE_FAMILY                      ; MAX 10                               ; Untyped                                ;
; CBXI_PARAMETER                     ; altsyncram_tam1                      ; Untyped                                ;
+------------------------------------+--------------------------------------+----------------------------------------+
Note: In order to hide this table in the UI and the text report file, please set the "Show Parameter Settings in Synthesis Report" option in "Analysis and Synthesis Settings -> More Settings" to "Off".


+----------------------------------------------------------------------------------------------------------------------------------+
; Parameter Settings for Inferred Entity Instance: core:cpu_core|memory:stage8_memory_system|data_mem:dmem|altsyncram:memory_rtl_0 ;
+------------------------------------+---------------------------------------+-----------------------------------------------------+
; Parameter Name                     ; Value                                 ; Type                                                ;
+------------------------------------+---------------------------------------+-----------------------------------------------------+
; BYTE_SIZE_BLOCK                    ; 8                                     ; Untyped                                             ;
; AUTO_CARRY_CHAINS                  ; ON                                    ; AUTO_CARRY                                          ;
; IGNORE_CARRY_BUFFERS               ; OFF                                   ; IGNORE_CARRY                                        ;
; AUTO_CASCADE_CHAINS                ; ON                                    ; AUTO_CASCADE                                        ;
; IGNORE_CASCADE_BUFFERS             ; OFF                                   ; IGNORE_CASCADE                                      ;
; WIDTH_BYTEENA                      ; 1                                     ; Untyped                                             ;
; OPERATION_MODE                     ; DUAL_PORT                             ; Untyped                                             ;
; WIDTH_A                            ; 32                                    ; Untyped                                             ;
; WIDTHAD_A                          ; 14                                    ; Untyped                                             ;
; NUMWORDS_A                         ; 16384                                 ; Untyped                                             ;
; OUTDATA_REG_A                      ; UNREGISTERED                          ; Untyped                                             ;
; ADDRESS_ACLR_A                     ; NONE                                  ; Untyped                                             ;
; OUTDATA_ACLR_A                     ; NONE                                  ; Untyped                                             ;
; WRCONTROL_ACLR_A                   ; NONE                                  ; Untyped                                             ;
; INDATA_ACLR_A                      ; NONE                                  ; Untyped                                             ;
; BYTEENA_ACLR_A                     ; NONE                                  ; Untyped                                             ;
; WIDTH_B                            ; 32                                    ; Untyped                                             ;
; WIDTHAD_B                          ; 14                                    ; Untyped                                             ;
; NUMWORDS_B                         ; 16384                                 ; Untyped                                             ;
; INDATA_REG_B                       ; CLOCK1                                ; Untyped                                             ;
; WRCONTROL_WRADDRESS_REG_B          ; CLOCK1                                ; Untyped                                             ;
; RDCONTROL_REG_B                    ; CLOCK1                                ; Untyped                                             ;
; ADDRESS_REG_B                      ; CLOCK0                                ; Untyped                                             ;
; OUTDATA_REG_B                      ; UNREGISTERED                          ; Untyped                                             ;
; BYTEENA_REG_B                      ; CLOCK1                                ; Untyped                                             ;
; INDATA_ACLR_B                      ; NONE                                  ; Untyped                                             ;
; WRCONTROL_ACLR_B                   ; NONE                                  ; Untyped                                             ;
; ADDRESS_ACLR_B                     ; NONE                                  ; Untyped                                             ;
; OUTDATA_ACLR_B                     ; NONE                                  ; Untyped                                             ;
; RDCONTROL_ACLR_B                   ; NONE                                  ; Untyped                                             ;
; BYTEENA_ACLR_B                     ; NONE                                  ; Untyped                                             ;
; WIDTH_BYTEENA_A                    ; 1                                     ; Untyped                                             ;
; WIDTH_BYTEENA_B                    ; 1                                     ; Untyped                                             ;
; RAM_BLOCK_TYPE                     ; M9K                                   ; Untyped                                             ;
; BYTE_SIZE                          ; 8                                     ; Untyped                                             ;
; READ_DURING_WRITE_MODE_MIXED_PORTS ; OLD_DATA                              ; Untyped                                             ;
; READ_DURING_WRITE_MODE_PORT_A      ; NEW_DATA_NO_NBE_READ                  ; Untyped                                             ;
; READ_DURING_WRITE_MODE_PORT_B      ; NEW_DATA_NO_NBE_READ                  ; Untyped                                             ;
; INIT_FILE                          ; db/cpu.ram0_data_mem_73ff31ea.hdl.mif ; Untyped                                             ;
; INIT_FILE_LAYOUT                   ; PORT_A                                ; Untyped                                             ;
; MAXIMUM_DEPTH                      ; 0                                     ; Untyped                                             ;
; CLOCK_ENABLE_INPUT_A               ; NORMAL                                ; Untyped                                             ;
; CLOCK_ENABLE_INPUT_B               ; NORMAL                                ; Untyped                                             ;
; CLOCK_ENABLE_OUTPUT_A              ; NORMAL                                ; Untyped                                             ;
; CLOCK_ENABLE_OUTPUT_B              ; NORMAL                                ; Untyped                                             ;
; CLOCK_ENABLE_CORE_A                ; USE_INPUT_CLKEN                       ; Untyped                                             ;
; CLOCK_ENABLE_CORE_B                ; USE_INPUT_CLKEN                       ; Untyped                                             ;
; ENABLE_ECC                         ; FALSE                                 ; Untyped                                             ;
; ECC_PIPELINE_STAGE_ENABLED         ; FALSE                                 ; Untyped                                             ;
; WIDTH_ECCSTATUS                    ; 3                                     ; Untyped                                             ;
; DEVICE_FAMILY                      ; MAX 10                                ; Untyped                                             ;
; CBXI_PARAMETER                     ; altsyncram_oqm1                       ; Untyped                                             ;
+------------------------------------+---------------------------------------+-----------------------------------------------------+
Note: In order to hide this table in the UI and the text report file, please set the "Show Parameter Settings in Synthesis Report" option in "Analysis and Synthesis Settings -> More Settings" to "Off".


+----------------------------------------------------------------------------------------------------------+
; Parameter Settings for Inferred Entity Instance: core:cpu_core|bht:stage4_bht|altsyncram:bht_table_rtl_0 ;
+------------------------------------+-------------------------------+-------------------------------------+
; Parameter Name                     ; Value                         ; Type                                ;
+------------------------------------+-------------------------------+-------------------------------------+
; BYTE_SIZE_BLOCK                    ; 8                             ; Untyped                             ;
; AUTO_CARRY_CHAINS                  ; ON                            ; AUTO_CARRY                          ;
; IGNORE_CARRY_BUFFERS               ; OFF                           ; IGNORE_CARRY                        ;
; AUTO_CASCADE_CHAINS                ; ON                            ; AUTO_CASCADE                        ;
; IGNORE_CASCADE_BUFFERS             ; OFF                           ; IGNORE_CASCADE                      ;
; WIDTH_BYTEENA                      ; 1                             ; Untyped                             ;
; OPERATION_MODE                     ; DUAL_PORT                     ; Untyped                             ;
; WIDTH_A                            ; 2                             ; Untyped                             ;
; WIDTHAD_A                          ; 10                            ; Untyped                             ;
; NUMWORDS_A                         ; 1024                          ; Untyped                             ;
; OUTDATA_REG_A                      ; UNREGISTERED                  ; Untyped                             ;
; ADDRESS_ACLR_A                     ; NONE                          ; Untyped                             ;
; OUTDATA_ACLR_A                     ; NONE                          ; Untyped                             ;
; WRCONTROL_ACLR_A                   ; NONE                          ; Untyped                             ;
; INDATA_ACLR_A                      ; NONE                          ; Untyped                             ;
; BYTEENA_ACLR_A                     ; NONE                          ; Untyped                             ;
; WIDTH_B                            ; 2                             ; Untyped                             ;
; WIDTHAD_B                          ; 10                            ; Untyped                             ;
; NUMWORDS_B                         ; 1024                          ; Untyped                             ;
; INDATA_REG_B                       ; CLOCK1                        ; Untyped                             ;
; WRCONTROL_WRADDRESS_REG_B          ; CLOCK1                        ; Untyped                             ;
; RDCONTROL_REG_B                    ; CLOCK1                        ; Untyped                             ;
; ADDRESS_REG_B                      ; CLOCK0                        ; Untyped                             ;
; OUTDATA_REG_B                      ; UNREGISTERED                  ; Untyped                             ;
; BYTEENA_REG_B                      ; CLOCK1                        ; Untyped                             ;
; INDATA_ACLR_B                      ; NONE                          ; Untyped                             ;
; WRCONTROL_ACLR_B                   ; NONE                          ; Untyped                             ;
; ADDRESS_ACLR_B                     ; NONE                          ; Untyped                             ;
; OUTDATA_ACLR_B                     ; NONE                          ; Untyped                             ;
; RDCONTROL_ACLR_B                   ; NONE                          ; Untyped                             ;
; BYTEENA_ACLR_B                     ; NONE                          ; Untyped                             ;
; WIDTH_BYTEENA_A                    ; 1                             ; Untyped                             ;
; WIDTH_BYTEENA_B                    ; 1                             ; Untyped                             ;
; RAM_BLOCK_TYPE                     ; M9K                           ; Untyped                             ;
; BYTE_SIZE                          ; 8                             ; Untyped                             ;
; READ_DURING_WRITE_MODE_MIXED_PORTS ; OLD_DATA                      ; Untyped                             ;
; READ_DURING_WRITE_MODE_PORT_A      ; NEW_DATA_NO_NBE_READ          ; Untyped                             ;
; READ_DURING_WRITE_MODE_PORT_B      ; NEW_DATA_NO_NBE_READ          ; Untyped                             ;
; INIT_FILE                          ; db/cpu.ram0_bht_19b7e.hdl.mif ; Untyped                             ;
; INIT_FILE_LAYOUT                   ; PORT_A                        ; Untyped                             ;
; MAXIMUM_DEPTH                      ; 0                             ; Untyped                             ;
; CLOCK_ENABLE_INPUT_A               ; NORMAL                        ; Untyped                             ;
; CLOCK_ENABLE_INPUT_B               ; NORMAL                        ; Untyped                             ;
; CLOCK_ENABLE_OUTPUT_A              ; NORMAL                        ; Untyped                             ;
; CLOCK_ENABLE_OUTPUT_B              ; NORMAL                        ; Untyped                             ;
; CLOCK_ENABLE_CORE_A                ; USE_INPUT_CLKEN               ; Untyped                             ;
; CLOCK_ENABLE_CORE_B                ; USE_INPUT_CLKEN               ; Untyped                             ;
; ENABLE_ECC                         ; FALSE                         ; Untyped                             ;
; ECC_PIPELINE_STAGE_ENABLED         ; FALSE                         ; Untyped                             ;
; WIDTH_ECCSTATUS                    ; 3                             ; Untyped                             ;
; DEVICE_FAMILY                      ; MAX 10                        ; Untyped                             ;
; CBXI_PARAMETER                     ; altsyncram_qrl1               ; Untyped                             ;
+------------------------------------+-------------------------------+-------------------------------------+
Note: In order to hide this table in the UI and the text report file, please set the "Show Parameter Settings in Synthesis Report" option in "Analysis and Synthesis Settings -> More Settings" to "Off".


+--------------------------------------------------------------------------------------------------------------------------+
; Parameter Settings for Inferred Entity Instance: core:cpu_core|instr_mem:stage2_imem|altsyncram:instruction_memory_rtl_0 ;
+------------------------------------+----------------------------------------+--------------------------------------------+
; Parameter Name                     ; Value                                  ; Type                                       ;
+------------------------------------+----------------------------------------+--------------------------------------------+
; BYTE_SIZE_BLOCK                    ; 8                                      ; Untyped                                    ;
; AUTO_CARRY_CHAINS                  ; ON                                     ; AUTO_CARRY                                 ;
; IGNORE_CARRY_BUFFERS               ; OFF                                    ; IGNORE_CARRY                               ;
; AUTO_CASCADE_CHAINS                ; ON                                     ; AUTO_CASCADE                               ;
; IGNORE_CASCADE_BUFFERS             ; OFF                                    ; IGNORE_CASCADE                             ;
; WIDTH_BYTEENA                      ; 1                                      ; Untyped                                    ;
; OPERATION_MODE                     ; ROM                                    ; Untyped                                    ;
; WIDTH_A                            ; 32                                     ; Untyped                                    ;
; WIDTHAD_A                          ; 14                                     ; Untyped                                    ;
; NUMWORDS_A                         ; 16384                                  ; Untyped                                    ;
; OUTDATA_REG_A                      ; UNREGISTERED                           ; Untyped                                    ;
; ADDRESS_ACLR_A                     ; NONE                                   ; Untyped                                    ;
; OUTDATA_ACLR_A                     ; NONE                                   ; Untyped                                    ;
; WRCONTROL_ACLR_A                   ; NONE                                   ; Untyped                                    ;
; INDATA_ACLR_A                      ; NONE                                   ; Untyped                                    ;
; BYTEENA_ACLR_A                     ; NONE                                   ; Untyped                                    ;
; WIDTH_B                            ; 1                                      ; Untyped                                    ;
; WIDTHAD_B                          ; 1                                      ; Untyped                                    ;
; NUMWORDS_B                         ; 1                                      ; Untyped                                    ;
; INDATA_REG_B                       ; CLOCK1                                 ; Untyped                                    ;
; WRCONTROL_WRADDRESS_REG_B          ; CLOCK1                                 ; Untyped                                    ;
; RDCONTROL_REG_B                    ; CLOCK1                                 ; Untyped                                    ;
; ADDRESS_REG_B                      ; CLOCK1                                 ; Untyped                                    ;
; OUTDATA_REG_B                      ; UNREGISTERED                           ; Untyped                                    ;
; BYTEENA_REG_B                      ; CLOCK1                                 ; Untyped                                    ;
; INDATA_ACLR_B                      ; NONE                                   ; Untyped                                    ;
; WRCONTROL_ACLR_B                   ; NONE                                   ; Untyped                                    ;
; ADDRESS_ACLR_B                     ; NONE                                   ; Untyped                                    ;
; OUTDATA_ACLR_B                     ; NONE                                   ; Untyped                                    ;
; RDCONTROL_ACLR_B                   ; NONE                                   ; Untyped                                    ;
; BYTEENA_ACLR_B                     ; NONE                                   ; Untyped                                    ;
; WIDTH_BYTEENA_A                    ; 1                                      ; Untyped                                    ;
; WIDTH_BYTEENA_B                    ; 1                                      ; Untyped                                    ;
; RAM_BLOCK_TYPE                     ; M9K                                    ; Untyped                                    ;
; BYTE_SIZE                          ; 8                                      ; Untyped                                    ;
; READ_DURING_WRITE_MODE_MIXED_PORTS ; DONT_CARE                              ; Untyped                                    ;
; READ_DURING_WRITE_MODE_PORT_A      ; NEW_DATA_NO_NBE_READ                   ; Untyped                                    ;
; READ_DURING_WRITE_MODE_PORT_B      ; NEW_DATA_NO_NBE_READ                   ; Untyped                                    ;
; INIT_FILE                          ; db/cpu.ram0_instr_mem_8ff0214b.hdl.mif ; Untyped                                    ;
; INIT_FILE_LAYOUT                   ; PORT_A                                 ; Untyped                                    ;
; MAXIMUM_DEPTH                      ; 0                                      ; Untyped                                    ;
; CLOCK_ENABLE_INPUT_A               ; NORMAL                                 ; Untyped                                    ;
; CLOCK_ENABLE_INPUT_B               ; NORMAL                                 ; Untyped                                    ;
; CLOCK_ENABLE_OUTPUT_A              ; NORMAL                                 ; Untyped                                    ;
; CLOCK_ENABLE_OUTPUT_B              ; NORMAL                                 ; Untyped                                    ;
; CLOCK_ENABLE_CORE_A                ; USE_INPUT_CLKEN                        ; Untyped                                    ;
; CLOCK_ENABLE_CORE_B                ; USE_INPUT_CLKEN                        ; Untyped                                    ;
; ENABLE_ECC                         ; FALSE                                  ; Untyped                                    ;
; ECC_PIPELINE_STAGE_ENABLED         ; FALSE                                  ; Untyped                                    ;
; WIDTH_ECCSTATUS                    ; 3                                      ; Untyped                                    ;
; DEVICE_FAMILY                      ; MAX 10                                 ; Untyped                                    ;
; CBXI_PARAMETER                     ; altsyncram_eu81                        ; Untyped                                    ;
+------------------------------------+----------------------------------------+--------------------------------------------+
Note: In order to hide this table in the UI and the text report file, please set the "Show Parameter Settings in Synthesis Report" option in "Analysis and Synthesis Settings -> More Settings" to "Off".


+----------------------------------------------------------------------+
; altpll Parameter Settings by Entity Instance                         ;
+-------------------------------+--------------------------------------+
; Name                          ; Value                                ;
+-------------------------------+--------------------------------------+
; Number of entity instances    ; 1                                    ;
; Entity Instance               ; PLL:pll_inst|altpll:altpll_component ;
;     -- OPERATION_MODE         ; NORMAL                               ;
;     -- PLL_TYPE               ; AUTO                                 ;
;     -- PRIMARY_CLOCK          ; INCLK0                               ;
;     -- INCLK0_INPUT_FREQUENCY ; 20000                                ;
;     -- INCLK1_INPUT_FREQUENCY ; 0                                    ;
;     -- VCO_MULTIPLY_BY        ; 0                                    ;
;     -- VCO_DIVIDE_BY          ; 0                                    ;
+-------------------------------+--------------------------------------+


+-----------------------------------------------------------------------------------------------------------------------------+
; altsyncram Parameter Settings by Entity Instance                                                                            ;
+-------------------------------------------+---------------------------------------------------------------------------------+
; Name                                      ; Value                                                                           ;
+-------------------------------------------+---------------------------------------------------------------------------------+
; Number of entity instances                ; 5                                                                               ;
; Entity Instance                           ; core:cpu_core|regfile:stage4_regfile|altsyncram:registers_b_rtl_0               ;
;     -- OPERATION_MODE                     ; DUAL_PORT                                                                       ;
;     -- WIDTH_A                            ; 32                                                                              ;
;     -- NUMWORDS_A                         ; 32                                                                              ;
;     -- OUTDATA_REG_A                      ; UNREGISTERED                                                                    ;
;     -- WIDTH_B                            ; 32                                                                              ;
;     -- NUMWORDS_B                         ; 32                                                                              ;
;     -- ADDRESS_REG_B                      ; CLOCK0                                                                          ;
;     -- OUTDATA_REG_B                      ; UNREGISTERED                                                                    ;
;     -- RAM_BLOCK_TYPE                     ; M9K                                                                             ;
;     -- READ_DURING_WRITE_MODE_MIXED_PORTS ; OLD_DATA                                                                        ;
; Entity Instance                           ; core:cpu_core|regfile:stage4_regfile|altsyncram:registers_a_rtl_0               ;
;     -- OPERATION_MODE                     ; DUAL_PORT                                                                       ;
;     -- WIDTH_A                            ; 32                                                                              ;
;     -- NUMWORDS_A                         ; 32                                                                              ;
;     -- OUTDATA_REG_A                      ; UNREGISTERED                                                                    ;
;     -- WIDTH_B                            ; 32                                                                              ;
;     -- NUMWORDS_B                         ; 32                                                                              ;
;     -- ADDRESS_REG_B                      ; CLOCK0                                                                          ;
;     -- OUTDATA_REG_B                      ; UNREGISTERED                                                                    ;
;     -- RAM_BLOCK_TYPE                     ; M9K                                                                             ;
;     -- READ_DURING_WRITE_MODE_MIXED_PORTS ; OLD_DATA                                                                        ;
; Entity Instance                           ; core:cpu_core|memory:stage8_memory_system|data_mem:dmem|altsyncram:memory_rtl_0 ;
;     -- OPERATION_MODE                     ; DUAL_PORT                                                                       ;
;     -- WIDTH_A                            ; 32                                                                              ;
;     -- NUMWORDS_A                         ; 16384                                                                           ;
;     -- OUTDATA_REG_A                      ; UNREGISTERED                                                                    ;
;     -- WIDTH_B                            ; 32                                                                              ;
;     -- NUMWORDS_B                         ; 16384                                                                           ;
;     -- ADDRESS_REG_B                      ; CLOCK0                                                                          ;
;     -- OUTDATA_REG_B                      ; UNREGISTERED                                                                    ;
;     -- RAM_BLOCK_TYPE                     ; M9K                                                                             ;
;     -- READ_DURING_WRITE_MODE_MIXED_PORTS ; OLD_DATA                                                                        ;
; Entity Instance                           ; core:cpu_core|bht:stage4_bht|altsyncram:bht_table_rtl_0                         ;
;     -- OPERATION_MODE                     ; DUAL_PORT                                                                       ;
;     -- WIDTH_A                            ; 2                                                                               ;
;     -- NUMWORDS_A                         ; 1024                                                                            ;
;     -- OUTDATA_REG_A                      ; UNREGISTERED                                                                    ;
;     -- WIDTH_B                            ; 2                                                                               ;
;     -- NUMWORDS_B                         ; 1024                                                                            ;
;     -- ADDRESS_REG_B                      ; CLOCK0                                                                          ;
;     -- OUTDATA_REG_B                      ; UNREGISTERED                                                                    ;
;     -- RAM_BLOCK_TYPE                     ; M9K                                                                             ;
;     -- READ_DURING_WRITE_MODE_MIXED_PORTS ; OLD_DATA                                                                        ;
; Entity Instance                           ; core:cpu_core|instr_mem:stage2_imem|altsyncram:instruction_memory_rtl_0         ;
;     -- OPERATION_MODE                     ; ROM                                                                             ;
;     -- WIDTH_A                            ; 32                                                                              ;
;     -- NUMWORDS_A                         ; 16384                                                                           ;
;     -- OUTDATA_REG_A                      ; UNREGISTERED                                                                    ;
;     -- WIDTH_B                            ; 1                                                                               ;
;     -- NUMWORDS_B                         ; 1                                                                               ;
;     -- ADDRESS_REG_B                      ; CLOCK1                                                                          ;
;     -- OUTDATA_REG_B                      ; UNREGISTERED                                                                    ;
;     -- RAM_BLOCK_TYPE                     ; M9K                                                                             ;
;     -- READ_DURING_WRITE_MODE_MIXED_PORTS ; DONT_CARE                                                                       ;
+-------------------------------------------+---------------------------------------------------------------------------------+


+-------------------------------------------------------------------------------------------------------------------------+
; Port Connectivity Checks: "core:cpu_core|MEM_WB:stage7_mem_wb_reg"                                                      ;
+---------------+--------+----------+-------------------------------------------------------------------------------------+
; Port          ; Type   ; Severity ; Details                                                                             ;
+---------------+--------+----------+-------------------------------------------------------------------------------------+
; mem_read_out  ; Output ; Info     ; Connected to dangling logic. Logic that only feeds a dangling port will be removed. ;
; pc_plus_4_out ; Output ; Info     ; Connected to dangling logic. Logic that only feeds a dangling port will be removed. ;
+---------------+--------+----------+-------------------------------------------------------------------------------------+


+----------------------------------------------------------------------------------------------------------------------------+
; Port Connectivity Checks: "core:cpu_core|EX2_EX3:stage6_ex2_ex3_reg"                                                       ;
+------------------+--------+----------+-------------------------------------------------------------------------------------+
; Port             ; Type   ; Severity ; Details                                                                             ;
+------------------+--------+----------+-------------------------------------------------------------------------------------+
; mem_unsigned_out ; Output ; Info     ; Connected to dangling logic. Logic that only feeds a dangling port will be removed. ;
+------------------+--------+----------+-------------------------------------------------------------------------------------+


+------------------------------------------------------------------------------------------------------------------------+
; Port Connectivity Checks: "core:cpu_core|RR_EX1:stage4_rr_ex1_reg"                                                     ;
+--------------+--------+----------+-------------------------------------------------------------------------------------+
; Port         ; Type   ; Severity ; Details                                                                             ;
+--------------+--------+----------+-------------------------------------------------------------------------------------+
; rs1_out      ; Output ; Info     ; Connected to dangling logic. Logic that only feeds a dangling port will be removed. ;
; rs2_out      ; Output ; Info     ; Connected to dangling logic. Logic that only feeds a dangling port will be removed. ;
; uses_rs1_out ; Output ; Info     ; Connected to dangling logic. Logic that only feeds a dangling port will be removed. ;
; uses_rs2_out ; Output ; Info     ; Connected to dangling logic. Logic that only feeds a dangling port will be removed. ;
+--------------+--------+----------+-------------------------------------------------------------------------------------+


+------------------------------------------------------------------------------------------------------------------------------+
; Port Connectivity Checks: "core:cpu_core"                                                                                    ;
+--------------------+--------+----------+-------------------------------------------------------------------------------------+
; Port               ; Type   ; Severity ; Details                                                                             ;
+--------------------+--------+----------+-------------------------------------------------------------------------------------+
; out_pc             ; Output ; Info     ; Connected to dangling logic. Logic that only feeds a dangling port will be removed. ;
; out_writeback_data ; Output ; Info     ; Connected to dangling logic. Logic that only feeds a dangling port will be removed. ;
; out_reg_write      ; Output ; Info     ; Connected to dangling logic. Logic that only feeds a dangling port will be removed. ;
; out_alu_result     ; Output ; Info     ; Connected to dangling logic. Logic that only feeds a dangling port will be removed. ;
+--------------------+--------+----------+-------------------------------------------------------------------------------------+


+-----------------------------------------------------+
; Post-Synthesis Netlist Statistics for Top Partition ;
+-----------------------+-----------------------------+
; Type                  ; Count                       ;
+-----------------------+-----------------------------+
; boundary_port         ; 65                          ;
; cycloneiii_ff         ; 1303                        ;
;     CLR               ; 4                           ;
;     ENA               ; 98                          ;
;     SCLR              ; 142                         ;
;     SCLR SLD          ; 64                          ;
;     SLD               ; 65                          ;
;     plain             ; 930                         ;
; cycloneiii_lcell_comb ; 2681                        ;
;     arith             ; 184                         ;
;         2 data inputs ; 29                          ;
;         3 data inputs ; 155                         ;
;     normal            ; 2497                        ;
;         0 data inputs ; 1                           ;
;         1 data inputs ; 2                           ;
;         2 data inputs ; 157                         ;
;         3 data inputs ; 931                         ;
;         4 data inputs ; 1406                        ;
; cycloneiii_pll        ; 1                           ;
; cycloneiii_ram_block  ; 194                         ;
;                       ;                             ;
; Max LUT depth         ; 10.00                       ;
; Average LUT depth     ; 4.75                        ;
+-----------------------+-----------------------------+


+-------------------------------+
; Elapsed Time Per Partition    ;
+----------------+--------------+
; Partition Name ; Elapsed Time ;
+----------------+--------------+
; Top            ; 00:00:06     ;
+----------------+--------------+


+-------------------------------+
; Analysis & Synthesis Messages ;
+-------------------------------+
Info: *******************************************************************
Info: Running Quartus Prime Analysis & Synthesis
    Info: Version 24.1std.0 Build 1077 03/04/2025 SC Lite Edition
    Info: Processing started: Mon Jul 27 20:46:20 2026
Info: Command: quartus_map --read_settings_files=on --write_settings_files=off cpu -c cpu
Info (16303): Aggressive Performance optimization mode selected -- timing performance will be prioritized at the potential cost of increased logic area and compilation time
Info (20030): Parallel compilation is enabled and will use 16 of the 16 processors detected
Info (12021): Found 1 design units, including 1 entities, in source file /rachit/risc-v_cpu/riscv-cpu/8_stage_pipeline/rtl/core/7_ex3_mem/mmio.sv
    Info (12023): Found entity 1: mmio File: C:/Rachit/RISC-V_CPU/riscv-cpu/8_stage_pipeline/rtl/core/7_ex3_mem/mmio.sv Line: 6
Info (12021): Found 1 design units, including 1 entities, in source file /rachit/risc-v_cpu/riscv-cpu/8_stage_pipeline/rtl/core/7_ex3_mem/memory.sv
    Info (12023): Found entity 1: memory File: C:/Rachit/RISC-V_CPU/riscv-cpu/8_stage_pipeline/rtl/core/7_ex3_mem/memory.sv Line: 6
Info (12021): Found 1 design units, including 0 entities, in source file /rachit/risc-v_cpu/riscv-cpu/8_stage_pipeline/packages/alu_pkg.sv
    Info (12022): Found design unit 1: alu_package (SystemVerilog) File: C:/Rachit/RISC-V_CPU/riscv-cpu/8_stage_pipeline/packages/alu_pkg.sv Line: 5
Info (12021): Found 1 design units, including 0 entities, in source file /rachit/risc-v_cpu/riscv-cpu/8_stage_pipeline/packages/decoder_pkg.sv
    Info (12022): Found design unit 1: decoder_package (SystemVerilog) File: C:/Rachit/RISC-V_CPU/riscv-cpu/8_stage_pipeline/packages/decoder_pkg.sv Line: 5
Info (12021): Found 1 design units, including 1 entities, in source file /rachit/risc-v_cpu/riscv-cpu/8_stage_pipeline/rtl/core/core.sv
    Info (12023): Found entity 1: core File: C:/Rachit/RISC-V_CPU/riscv-cpu/8_stage_pipeline/rtl/core/core.sv Line: 6
Info (12021): Found 1 design units, including 1 entities, in source file /rachit/risc-v_cpu/riscv-cpu/8_stage_pipeline/rtl/core/1_fetch/pc_update.sv
    Info (12023): Found entity 1: pc_update File: C:/Rachit/RISC-V_CPU/riscv-cpu/8_stage_pipeline/rtl/core/1_fetch/pc_update.sv Line: 5
Info (12021): Found 1 design units, including 1 entities, in source file /rachit/risc-v_cpu/riscv-cpu/8_stage_pipeline/rtl/core/2_imem/instr_mem.sv
    Info (12023): Found entity 1: instr_mem File: C:/Rachit/RISC-V_CPU/riscv-cpu/8_stage_pipeline/rtl/core/2_imem/instr_mem.sv Line: 6
Info (12021): Found 1 design units, including 1 entities, in source file /rachit/risc-v_cpu/riscv-cpu/8_stage_pipeline/rtl/core/3_decode/if_id.sv
    Info (12023): Found entity 1: IF_ID File: C:/Rachit/RISC-V_CPU/riscv-cpu/8_stage_pipeline/rtl/core/3_decode/IF_ID.sv Line: 6
Info (12021): Found 1 design units, including 1 entities, in source file /rachit/risc-v_cpu/riscv-cpu/8_stage_pipeline/rtl/core/3_decode/control.sv
    Info (12023): Found entity 1: control File: C:/Rachit/RISC-V_CPU/riscv-cpu/8_stage_pipeline/rtl/core/3_decode/control.sv Line: 6
Info (12021): Found 1 design units, including 1 entities, in source file /rachit/risc-v_cpu/riscv-cpu/8_stage_pipeline/rtl/core/3_decode/decode.sv
    Info (12023): Found entity 1: decode File: C:/Rachit/RISC-V_CPU/riscv-cpu/8_stage_pipeline/rtl/core/3_decode/decode.sv Line: 6
Info (12021): Found 1 design units, including 1 entities, in source file /rachit/risc-v_cpu/riscv-cpu/8_stage_pipeline/rtl/core/3_decode/id_rr.sv
    Info (12023): Found entity 1: ID_RR File: C:/Rachit/RISC-V_CPU/riscv-cpu/8_stage_pipeline/rtl/core/3_decode/ID_RR.sv Line: 6
Info (12021): Found 1 design units, including 1 entities, in source file /rachit/risc-v_cpu/riscv-cpu/8_stage_pipeline/rtl/core/3_decode/imm_gen.sv
    Info (12023): Found entity 1: imm_gen File: C:/Rachit/RISC-V_CPU/riscv-cpu/8_stage_pipeline/rtl/core/3_decode/imm_gen.sv Line: 5
Info (12021): Found 1 design units, including 1 entities, in source file /rachit/risc-v_cpu/riscv-cpu/8_stage_pipeline/rtl/core/4_reg_read/regfile.sv
    Info (12023): Found entity 1: regfile File: C:/Rachit/RISC-V_CPU/riscv-cpu/8_stage_pipeline/rtl/core/4_reg_read/regfile.sv Line: 6
Info (12021): Found 1 design units, including 1 entities, in source file /rachit/risc-v_cpu/riscv-cpu/8_stage_pipeline/rtl/core/4_reg_read/rr_ex1.sv
    Info (12023): Found entity 1: RR_EX1 File: C:/Rachit/RISC-V_CPU/riscv-cpu/8_stage_pipeline/rtl/core/4_reg_read/RR_EX1.sv Line: 6
Info (12021): Found 1 design units, including 1 entities, in source file /rachit/risc-v_cpu/riscv-cpu/8_stage_pipeline/rtl/core/5_ex1/data_sel.sv
    Info (12023): Found entity 1: data_sel File: C:/Rachit/RISC-V_CPU/riscv-cpu/8_stage_pipeline/rtl/core/5_ex1/data_sel.sv Line: 6
Info (12021): Found 1 design units, including 1 entities, in source file /rachit/risc-v_cpu/riscv-cpu/8_stage_pipeline/rtl/core/5_ex1/ex1_ex2.sv
    Info (12023): Found entity 1: EX1_EX2 File: C:/Rachit/RISC-V_CPU/riscv-cpu/8_stage_pipeline/rtl/core/5_ex1/EX1_EX2.sv Line: 6
Info (12021): Found 1 design units, including 1 entities, in source file /rachit/risc-v_cpu/riscv-cpu/8_stage_pipeline/rtl/core/6_ex2/alu.sv
    Info (12023): Found entity 1: alu File: C:/Rachit/RISC-V_CPU/riscv-cpu/8_stage_pipeline/rtl/core/6_ex2/alu.sv Line: 6
Info (12021): Found 1 design units, including 1 entities, in source file /rachit/risc-v_cpu/riscv-cpu/8_stage_pipeline/rtl/core/6_ex2/branch_eval.sv
    Info (12023): Found entity 1: branch_eval File: C:/Rachit/RISC-V_CPU/riscv-cpu/8_stage_pipeline/rtl/core/6_ex2/branch_eval.sv Line: 6
Info (12021): Found 1 design units, including 1 entities, in source file /rachit/risc-v_cpu/riscv-cpu/8_stage_pipeline/rtl/core/6_ex2/ex2_ex3.sv
    Info (12023): Found entity 1: EX2_EX3 File: C:/Rachit/RISC-V_CPU/riscv-cpu/8_stage_pipeline/rtl/core/6_ex2/EX2_EX3.sv Line: 6
Info (12021): Found 1 design units, including 1 entities, in source file /rachit/risc-v_cpu/riscv-cpu/8_stage_pipeline/rtl/core/7_ex3_mem/pc_target_calc.sv
    Info (12023): Found entity 1: pc_target_calc File: C:/Rachit/RISC-V_CPU/riscv-cpu/8_stage_pipeline/rtl/core/7_ex3_mem/pc_target_calc.sv Line: 6
Info (12021): Found 1 design units, including 1 entities, in source file /rachit/risc-v_cpu/riscv-cpu/8_stage_pipeline/rtl/core/7_ex3_mem/mem_wb.sv
    Info (12023): Found entity 1: MEM_WB File: C:/Rachit/RISC-V_CPU/riscv-cpu/8_stage_pipeline/rtl/core/7_ex3_mem/MEM_WB.sv Line: 6
Info (12021): Found 1 design units, including 1 entities, in source file /rachit/risc-v_cpu/riscv-cpu/8_stage_pipeline/rtl/core/7_ex3_mem/data_mem.sv
    Info (12023): Found entity 1: data_mem File: C:/Rachit/RISC-V_CPU/riscv-cpu/8_stage_pipeline/rtl/core/7_ex3_mem/data_mem.sv Line: 6
Info (12021): Found 1 design units, including 1 entities, in source file /rachit/risc-v_cpu/riscv-cpu/8_stage_pipeline/rtl/core/8_wb/writeback.sv
    Info (12023): Found entity 1: writeback File: C:/Rachit/RISC-V_CPU/riscv-cpu/8_stage_pipeline/rtl/core/8_wb/writeback.sv Line: 6
Info (12021): Found 1 design units, including 1 entities, in source file /rachit/risc-v_cpu/riscv-cpu/8_stage_pipeline/rtl/core/hazard_control/forwarding_unit.sv
    Info (12023): Found entity 1: forwarding_unit File: C:/Rachit/RISC-V_CPU/riscv-cpu/8_stage_pipeline/rtl/core/hazard_control/forwarding_unit.sv Line: 6
Info (12021): Found 1 design units, including 1 entities, in source file /rachit/risc-v_cpu/riscv-cpu/8_stage_pipeline/rtl/core/hazard_control/hazard_detection_unit.sv
    Info (12023): Found entity 1: hazard_detection_unit File: C:/Rachit/RISC-V_CPU/riscv-cpu/8_stage_pipeline/rtl/core/hazard_control/hazard_detection_unit.sv Line: 6
Info (12021): Found 1 design units, including 1 entities, in source file pll.v
    Info (12023): Found entity 1: PLL File: C:/Rachit/RISC-V_CPU/riscv-cpu/8_stage_pipeline/fpga/PLL.v Line: 13
Info (12021): Found 2 design units, including 2 entities, in source file top.sv
    Info (12023): Found entity 1: top File: C:/Rachit/RISC-V_CPU/riscv-cpu/8_stage_pipeline/fpga/top.sv Line: 1
    Info (12023): Found entity 2: seven_seg_decoder File: C:/Rachit/RISC-V_CPU/riscv-cpu/8_stage_pipeline/fpga/top.sv Line: 78
Info (12021): Found 1 design units, including 1 entities, in source file /rachit/risc-v_cpu/riscv-cpu/8_stage_pipeline/rtl/core/4_reg_read/bht.sv
    Info (12023): Found entity 1: bht File: C:/Rachit/RISC-V_CPU/riscv-cpu/8_stage_pipeline/rtl/core/4_reg_read/bht.sv Line: 7
Info (12127): Elaborating entity "top" for the top level hierarchy
Info (12128): Elaborating entity "PLL" for hierarchy "PLL:pll_inst" File: C:/Rachit/RISC-V_CPU/riscv-cpu/8_stage_pipeline/fpga/top.sv Line: 36
Info (12128): Elaborating entity "altpll" for hierarchy "PLL:pll_inst|altpll:altpll_component" File: C:/Rachit/RISC-V_CPU/riscv-cpu/8_stage_pipeline/fpga/PLL.v Line: 115
Warning (287013): Variable or input pin "phasecounterselect" is defined but never used. File: c:/altera_lite/24.1std/quartus/libraries/megafunctions/altpll.tdf Line: 512
Info (12130): Elaborated megafunction instantiation "PLL:pll_inst|altpll:altpll_component" File: C:/Rachit/RISC-V_CPU/riscv-cpu/8_stage_pipeline/fpga/PLL.v Line: 115
Info (12133): Instantiated megafunction "PLL:pll_inst|altpll:altpll_component" with the following parameter: File: C:/Rachit/RISC-V_CPU/riscv-cpu/8_stage_pipeline/fpga/PLL.v Line: 115
    Info (12134): Parameter "bandwidth_type" = "AUTO"
    Info (12134): Parameter "clk0_divide_by" = "196"
    Info (12134): Parameter "clk0_duty_cycle" = "50"
    Info (12134): Parameter "clk0_multiply_by" = "499"
    Info (12134): Parameter "clk0_phase_shift" = "0"
    Info (12134): Parameter "compensate_clock" = "CLK0"
    Info (12134): Parameter "inclk0_input_frequency" = "20000"
    Info (12134): Parameter "intended_device_family" = "MAX 10"
    Info (12134): Parameter "lpm_type" = "altpll"
    Info (12134): Parameter "operation_mode" = "NORMAL"
    Info (12134): Parameter "pll_type" = "AUTO"
    Info (12134): Parameter "port_activeclock" = "PORT_UNUSED"
    Info (12134): Parameter "port_areset" = "PORT_UNUSED"
    Info (12134): Parameter "port_clkbad0" = "PORT_UNUSED"
    Info (12134): Parameter "port_clkbad1" = "PORT_UNUSED"
    Info (12134): Parameter "port_clkloss" = "PORT_UNUSED"
    Info (12134): Parameter "port_clk0" = "PORT_USED"
    Info (12134): Parameter "port_clk1" = "PORT_UNUSED"
    Info (12134): Parameter "port_clk2" = "PORT_UNUSED"
    Info (12134): Parameter "port_clk3" = "PORT_UNUSED"
    Info (12134): Parameter "port_clk4" = "PORT_UNUSED"
    Info (12134): Parameter "port_clk5" = "PORT_UNUSED"
    Info (12134): Parameter "port_clkena0" = "PORT_UNUSED"
    Info (12134): Parameter "port_clkena1" = "PORT_UNUSED"
    Info (12134): Parameter "port_clkena2" = "PORT_UNUSED"
    Info (12134): Parameter "port_clkena3" = "PORT_UNUSED"
    Info (12134): Parameter "port_clkena4" = "PORT_UNUSED"
    Info (12134): Parameter "port_clkena5" = "PORT_UNUSED"
    Info (12134): Parameter "port_extclk0" = "PORT_UNUSED"
    Info (12134): Parameter "port_extclk1" = "PORT_UNUSED"
    Info (12134): Parameter "port_extclk2" = "PORT_UNUSED"
    Info (12134): Parameter "port_extclk3" = "PORT_UNUSED"
    Info (12134): Parameter "port_extdata0" = "PORT_UNUSED"
    Info (12134): Parameter "port_extdata1" = "PORT_UNUSED"
    Info (12134): Parameter "port_fbin" = "PORT_UNUSED"
    Info (12134): Parameter "port_inclk0" = "PORT_USED"
    Info (12134): Parameter "port_inclk1" = "PORT_UNUSED"
    Info (12134): Parameter "port_locked" = "PORT_USED"
    Info (12134): Parameter "port_pfdena" = "PORT_UNUSED"
    Info (12134): Parameter "port_phasecounterselect" = "PORT_UNUSED"
    Info (12134): Parameter "port_phasedone" = "PORT_UNUSED"
    Info (12134): Parameter "port_phasestep" = "PORT_UNUSED"
    Info (12134): Parameter "port_phaseupdown" = "PORT_UNUSED"
    Info (12134): Parameter "port_pllena" = "PORT_UNUSED"
    Info (12134): Parameter "port_scanaclr" = "PORT_UNUSED"
    Info (12134): Parameter "port_scanclk" = "PORT_UNUSED"
    Info (12134): Parameter "port_scanclkena" = "PORT_UNUSED"
    Info (12134): Parameter "port_scandata" = "PORT_UNUSED"
    Info (12134): Parameter "port_scandataout" = "PORT_UNUSED"
    Info (12134): Parameter "port_scandone" = "PORT_UNUSED"
    Info (12134): Parameter "port_scanread" = "PORT_UNUSED"
    Info (12134): Parameter "port_scanwrite" = "PORT_UNUSED"
    Info (12134): Parameter "port_vcooverrange" = "PORT_UNUSED"
    Info (12134): Parameter "port_vcounderrange" = "PORT_UNUSED"
    Info (12134): Parameter "width_clock" = "5"
Info (12021): Found 1 design units, including 1 entities, in source file db/altpll_qdb2.tdf
    Info (12023): Found entity 1: altpll_qdb2 File: C:/Rachit/RISC-V_CPU/riscv-cpu/8_stage_pipeline/fpga/db/altpll_qdb2.tdf Line: 32
Info (12128): Elaborating entity "altpll_qdb2" for hierarchy "PLL:pll_inst|altpll:altpll_component|altpll_qdb2:auto_generated" File: c:/altera_lite/24.1std/quartus/libraries/megafunctions/altpll.tdf Line: 898
Info (12021): Found 1 design units, including 1 entities, in source file db/cntr_ocd.tdf
    Info (12023): Found entity 1: cntr_ocd File: C:/Rachit/RISC-V_CPU/riscv-cpu/8_stage_pipeline/fpga/db/cntr_ocd.tdf Line: 25
Info (12128): Elaborating entity "cntr_ocd" for hierarchy "PLL:pll_inst|altpll:altpll_component|altpll_qdb2:auto_generated|cntr_ocd:phasestep_counter" File: C:/Rachit/RISC-V_CPU/riscv-cpu/8_stage_pipeline/fpga/db/altpll_qdb2.tdf Line: 45
Info (12021): Found 1 design units, including 1 entities, in source file db/cmpr_erb.tdf
    Info (12023): Found entity 1: cmpr_erb File: C:/Rachit/RISC-V_CPU/riscv-cpu/8_stage_pipeline/fpga/db/cmpr_erb.tdf Line: 23
Info (12128): Elaborating entity "cmpr_erb" for hierarchy "PLL:pll_inst|altpll:altpll_component|altpll_qdb2:auto_generated|cntr_ocd:phasestep_counter|cmpr_erb:cmpr5" File: C:/Rachit/RISC-V_CPU/riscv-cpu/8_stage_pipeline/fpga/db/cntr_ocd.tdf Line: 38
Info (12021): Found 1 design units, including 1 entities, in source file db/cntr_uqd.tdf
    Info (12023): Found entity 1: cntr_uqd File: C:/Rachit/RISC-V_CPU/riscv-cpu/8_stage_pipeline/fpga/db/cntr_uqd.tdf Line: 25
Info (12128): Elaborating entity "cntr_uqd" for hierarchy "PLL:pll_inst|altpll:altpll_component|altpll_qdb2:auto_generated|cntr_uqd:pll_internal_phasestep" File: C:/Rachit/RISC-V_CPU/riscv-cpu/8_stage_pipeline/fpga/db/altpll_qdb2.tdf Line: 46
Info (12021): Found 1 design units, including 1 entities, in source file db/cmpr_frb.tdf
    Info (12023): Found entity 1: cmpr_frb File: C:/Rachit/RISC-V_CPU/riscv-cpu/8_stage_pipeline/fpga/db/cmpr_frb.tdf Line: 23
Info (12128): Elaborating entity "cmpr_frb" for hierarchy "PLL:pll_inst|altpll:altpll_component|altpll_qdb2:auto_generated|cntr_uqd:pll_internal_phasestep|cmpr_frb:cmpr7" File: C:/Rachit/RISC-V_CPU/riscv-cpu/8_stage_pipeline/fpga/db/cntr_uqd.tdf Line: 39
Info (12128): Elaborating entity "core" for hierarchy "core:cpu_core" File: C:/Rachit/RISC-V_CPU/riscv-cpu/8_stage_pipeline/fpga/top.sv Line: 63
Info (12128): Elaborating entity "pc_update" for hierarchy "core:cpu_core|pc_update:stage1_fetch" File: C:/Rachit/RISC-V_CPU/riscv-cpu/8_stage_pipeline/rtl/core/core.sv Line: 202
Info (12128): Elaborating entity "instr_mem" for hierarchy "core:cpu_core|instr_mem:stage2_imem" File: C:/Rachit/RISC-V_CPU/riscv-cpu/8_stage_pipeline/rtl/core/core.sv Line: 215
Warning (10850): Verilog HDL warning at instr_mem.sv(33): number of words (121) in memory file does not match the number of elements in the address range [0:16383] File: C:/Rachit/RISC-V_CPU/riscv-cpu/8_stage_pipeline/rtl/core/2_imem/instr_mem.sv Line: 33
Warning (10030): Net "instruction_memory.data_a" at instr_mem.sv(23) has no driver or initial value, using a default initial value '0' File: C:/Rachit/RISC-V_CPU/riscv-cpu/8_stage_pipeline/rtl/core/2_imem/instr_mem.sv Line: 23
Warning (10030): Net "instruction_memory.waddr_a" at instr_mem.sv(23) has no driver or initial value, using a default initial value '0' File: C:/Rachit/RISC-V_CPU/riscv-cpu/8_stage_pipeline/rtl/core/2_imem/instr_mem.sv Line: 23
Warning (10030): Net "instruction_memory.we_a" at instr_mem.sv(23) has no driver or initial value, using a default initial value '0' File: C:/Rachit/RISC-V_CPU/riscv-cpu/8_stage_pipeline/rtl/core/2_imem/instr_mem.sv Line: 23
Info (12128): Elaborating entity "IF_ID" for hierarchy "core:cpu_core|IF_ID:stage3_if_id_reg" File: C:/Rachit/RISC-V_CPU/riscv-cpu/8_stage_pipeline/rtl/core/core.sv Line: 229
Info (12128): Elaborating entity "decode" for hierarchy "core:cpu_core|decode:stage3_decode" File: C:/Rachit/RISC-V_CPU/riscv-cpu/8_stage_pipeline/rtl/core/core.sv Line: 254
Info (12128): Elaborating entity "imm_gen" for hierarchy "core:cpu_core|decode:stage3_decode|imm_gen:ig" File: C:/Rachit/RISC-V_CPU/riscv-cpu/8_stage_pipeline/rtl/core/3_decode/decode.sv Line: 44
Info (12128): Elaborating entity "control" for hierarchy "core:cpu_core|decode:stage3_decode|control:ctrl" File: C:/Rachit/RISC-V_CPU/riscv-cpu/8_stage_pipeline/rtl/core/3_decode/decode.sv Line: 63
Info (12128): Elaborating entity "ID_RR" for hierarchy "core:cpu_core|ID_RR:stage3_id_rr_reg" File: C:/Rachit/RISC-V_CPU/riscv-cpu/8_stage_pipeline/rtl/core/core.sv Line: 302
Info (12128): Elaborating entity "regfile" for hierarchy "core:cpu_core|regfile:stage4_regfile" File: C:/Rachit/RISC-V_CPU/riscv-cpu/8_stage_pipeline/rtl/core/core.sv Line: 314
Info (12128): Elaborating entity "forwarding_unit" for hierarchy "core:cpu_core|forwarding_unit:fwd_unit" File: C:/Rachit/RISC-V_CPU/riscv-cpu/8_stage_pipeline/rtl/core/core.sv Line: 332
Info (12128): Elaborating entity "bht" for hierarchy "core:cpu_core|bht:stage4_bht" File: C:/Rachit/RISC-V_CPU/riscv-cpu/8_stage_pipeline/rtl/core/core.sv Line: 347
Info (12128): Elaborating entity "RR_EX1" for hierarchy "core:cpu_core|RR_EX1:stage4_rr_ex1_reg" File: C:/Rachit/RISC-V_CPU/riscv-cpu/8_stage_pipeline/rtl/core/core.sv Line: 418
Info (12128): Elaborating entity "data_sel" for hierarchy "core:cpu_core|data_sel:stage5_data_sel" File: C:/Rachit/RISC-V_CPU/riscv-cpu/8_stage_pipeline/rtl/core/core.sv Line: 440
Info (12128): Elaborating entity "EX1_EX2" for hierarchy "core:cpu_core|EX1_EX2:stage5_ex1_ex2_reg" File: C:/Rachit/RISC-V_CPU/riscv-cpu/8_stage_pipeline/rtl/core/core.sv Line: 487
Info (12128): Elaborating entity "alu" for hierarchy "core:cpu_core|alu:stage6_alu" File: C:/Rachit/RISC-V_CPU/riscv-cpu/8_stage_pipeline/rtl/core/core.sv Line: 496
Info (12128): Elaborating entity "branch_eval" for hierarchy "core:cpu_core|branch_eval:stage6_branch_eval" File: C:/Rachit/RISC-V_CPU/riscv-cpu/8_stage_pipeline/rtl/core/core.sv Line: 504
Info (12128): Elaborating entity "EX2_EX3" for hierarchy "core:cpu_core|EX2_EX3:stage6_ex2_ex3_reg" File: C:/Rachit/RISC-V_CPU/riscv-cpu/8_stage_pipeline/rtl/core/core.sv Line: 555
Info (12128): Elaborating entity "pc_target_calc" for hierarchy "core:cpu_core|pc_target_calc:stage7_calc" File: C:/Rachit/RISC-V_CPU/riscv-cpu/8_stage_pipeline/rtl/core/core.sv Line: 573
Info (12128): Elaborating entity "MEM_WB" for hierarchy "core:cpu_core|MEM_WB:stage7_mem_wb_reg" File: C:/Rachit/RISC-V_CPU/riscv-cpu/8_stage_pipeline/rtl/core/core.sv Line: 598
Info (12128): Elaborating entity "memory" for hierarchy "core:cpu_core|memory:stage8_memory_system" File: C:/Rachit/RISC-V_CPU/riscv-cpu/8_stage_pipeline/rtl/core/core.sv Line: 617
Info (12128): Elaborating entity "data_mem" for hierarchy "core:cpu_core|memory:stage8_memory_system|data_mem:dmem" File: C:/Rachit/RISC-V_CPU/riscv-cpu/8_stage_pipeline/rtl/core/7_ex3_mem/memory.sv Line: 65
Info (12128): Elaborating entity "mmio" for hierarchy "core:cpu_core|memory:stage8_memory_system|mmio:mmio_inst" File: C:/Rachit/RISC-V_CPU/riscv-cpu/8_stage_pipeline/rtl/core/7_ex3_mem/memory.sv Line: 81
Info (12128): Elaborating entity "writeback" for hierarchy "core:cpu_core|writeback:stage8_wb" File: C:/Rachit/RISC-V_CPU/riscv-cpu/8_stage_pipeline/rtl/core/core.sv Line: 626
Info (12128): Elaborating entity "hazard_detection_unit" for hierarchy "core:cpu_core|hazard_detection_unit:hazard_unit" File: C:/Rachit/RISC-V_CPU/riscv-cpu/8_stage_pipeline/rtl/core/core.sv Line: 641
Info (12128): Elaborating entity "seven_seg_decoder" for hierarchy "seven_seg_decoder:h0" File: C:/Rachit/RISC-V_CPU/riscv-cpu/8_stage_pipeline/fpga/top.sv Line: 69
Warning (276020): Inferred RAM node "core:cpu_core|regfile:stage4_regfile|registers_b_rtl_0" from synchronous design logic.  Pass-through logic has been added to match the read-during-write behavior of the original design.
Warning (276020): Inferred RAM node "core:cpu_core|regfile:stage4_regfile|registers_a_rtl_0" from synchronous design logic.  Pass-through logic has been added to match the read-during-write behavior of the original design.
Warning (276020): Inferred RAM node "core:cpu_core|bht:stage4_bht|bht_table_rtl_0" from synchronous design logic.  Pass-through logic has been added to match the read-during-write behavior of the original design.
Info (19000): Inferred 5 megafunctions from design logic
    Info (276029): Inferred altsyncram megafunction from the following design logic: "core:cpu_core|regfile:stage4_regfile|registers_b_rtl_0" 
        Info (286033): Parameter OPERATION_MODE set to DUAL_PORT
        Info (286033): Parameter WIDTH_A set to 32
        Info (286033): Parameter WIDTHAD_A set to 5
        Info (286033): Parameter NUMWORDS_A set to 32
        Info (286033): Parameter WIDTH_B set to 32
        Info (286033): Parameter WIDTHAD_B set to 5
        Info (286033): Parameter NUMWORDS_B set to 32
        Info (286033): Parameter ADDRESS_ACLR_A set to NONE
        Info (286033): Parameter OUTDATA_REG_B set to UNREGISTERED
        Info (286033): Parameter ADDRESS_ACLR_B set to NONE
        Info (286033): Parameter OUTDATA_ACLR_B set to NONE
        Info (286033): Parameter ADDRESS_REG_B set to CLOCK0
        Info (286033): Parameter INDATA_ACLR_A set to NONE
        Info (286033): Parameter WRCONTROL_ACLR_A set to NONE
        Info (286033): Parameter RAM_BLOCK_TYPE set to M9K
        Info (286033): Parameter INIT_FILE set to db/cpu.ram1_regfile_4c9f4da2.hdl.mif
        Info (286033): Parameter READ_DURING_WRITE_MODE_MIXED_PORTS set to OLD_DATA
    Info (276029): Inferred altsyncram megafunction from the following design logic: "core:cpu_core|regfile:stage4_regfile|registers_a_rtl_0" 
        Info (286033): Parameter OPERATION_MODE set to DUAL_PORT
        Info (286033): Parameter WIDTH_A set to 32
        Info (286033): Parameter WIDTHAD_A set to 5
        Info (286033): Parameter NUMWORDS_A set to 32
        Info (286033): Parameter WIDTH_B set to 32
        Info (286033): Parameter WIDTHAD_B set to 5
        Info (286033): Parameter NUMWORDS_B set to 32
        Info (286033): Parameter ADDRESS_ACLR_A set to NONE
        Info (286033): Parameter OUTDATA_REG_B set to UNREGISTERED
        Info (286033): Parameter ADDRESS_ACLR_B set to NONE
        Info (286033): Parameter OUTDATA_ACLR_B set to NONE
        Info (286033): Parameter ADDRESS_REG_B set to CLOCK0
        Info (286033): Parameter INDATA_ACLR_A set to NONE
        Info (286033): Parameter WRCONTROL_ACLR_A set to NONE
        Info (286033): Parameter RAM_BLOCK_TYPE set to M9K
        Info (286033): Parameter INIT_FILE set to db/cpu.ram0_regfile_4c9f4da2.hdl.mif
        Info (286033): Parameter READ_DURING_WRITE_MODE_MIXED_PORTS set to OLD_DATA
    Info (276029): Inferred altsyncram megafunction from the following design logic: "core:cpu_core|memory:stage8_memory_system|data_mem:dmem|memory_rtl_0" 
        Info (286033): Parameter OPERATION_MODE set to DUAL_PORT
        Info (286033): Parameter WIDTH_A set to 32
        Info (286033): Parameter WIDTHAD_A set to 14
        Info (286033): Parameter NUMWORDS_A set to 16384
        Info (286033): Parameter WIDTH_B set to 32
        Info (286033): Parameter WIDTHAD_B set to 14
        Info (286033): Parameter NUMWORDS_B set to 16384
        Info (286033): Parameter ADDRESS_ACLR_A set to NONE
        Info (286033): Parameter OUTDATA_REG_B set to UNREGISTERED
        Info (286033): Parameter ADDRESS_ACLR_B set to NONE
        Info (286033): Parameter OUTDATA_ACLR_B set to NONE
        Info (286033): Parameter ADDRESS_REG_B set to CLOCK0
        Info (286033): Parameter INDATA_ACLR_A set to NONE
        Info (286033): Parameter WRCONTROL_ACLR_A set to NONE
        Info (286033): Parameter RAM_BLOCK_TYPE set to M9K
        Info (286033): Parameter INIT_FILE set to db/cpu.ram0_data_mem_73ff31ea.hdl.mif
        Info (286033): Parameter READ_DURING_WRITE_MODE_MIXED_PORTS set to OLD_DATA
    Info (276029): Inferred altsyncram megafunction from the following design logic: "core:cpu_core|bht:stage4_bht|bht_table_rtl_0" 
        Info (286033): Parameter OPERATION_MODE set to DUAL_PORT
        Info (286033): Parameter WIDTH_A set to 2
        Info (286033): Parameter WIDTHAD_A set to 10
        Info (286033): Parameter NUMWORDS_A set to 1024
        Info (286033): Parameter WIDTH_B set to 2
        Info (286033): Parameter WIDTHAD_B set to 10
        Info (286033): Parameter NUMWORDS_B set to 1024
        Info (286033): Parameter ADDRESS_ACLR_A set to NONE
        Info (286033): Parameter OUTDATA_REG_B set to UNREGISTERED
        Info (286033): Parameter ADDRESS_ACLR_B set to NONE
        Info (286033): Parameter OUTDATA_ACLR_B set to NONE
        Info (286033): Parameter ADDRESS_REG_B set to CLOCK0
        Info (286033): Parameter INDATA_ACLR_A set to NONE
        Info (286033): Parameter WRCONTROL_ACLR_A set to NONE
        Info (286033): Parameter RAM_BLOCK_TYPE set to M9K
        Info (286033): Parameter INIT_FILE set to db/cpu.ram0_bht_19b7e.hdl.mif
        Info (286033): Parameter READ_DURING_WRITE_MODE_MIXED_PORTS set to OLD_DATA
    Info (276029): Inferred altsyncram megafunction from the following design logic: "core:cpu_core|instr_mem:stage2_imem|instruction_memory_rtl_0" 
        Info (286033): Parameter OPERATION_MODE set to ROM
        Info (286033): Parameter WIDTH_A set to 32
        Info (286033): Parameter WIDTHAD_A set to 14
        Info (286033): Parameter NUMWORDS_A set to 16384
        Info (286033): Parameter OUTDATA_REG_A set to UNREGISTERED
        Info (286033): Parameter ADDRESS_ACLR_A set to NONE
        Info (286033): Parameter OUTDATA_ACLR_A set to NONE
        Info (286033): Parameter INDATA_ACLR_A set to NONE
        Info (286033): Parameter WRCONTROL_ACLR_A set to NONE
        Info (286033): Parameter RAM_BLOCK_TYPE set to M9K
        Info (286033): Parameter INIT_FILE set to db/cpu.ram0_instr_mem_8ff0214b.hdl.mif
Info (12130): Elaborated megafunction instantiation "core:cpu_core|regfile:stage4_regfile|altsyncram:registers_b_rtl_0"
Info (12133): Instantiated megafunction "core:cpu_core|regfile:stage4_regfile|altsyncram:registers_b_rtl_0" with the following parameter:
    Info (12134): Parameter "OPERATION_MODE" = "DUAL_PORT"
    Info (12134): Parameter "WIDTH_A" = "32"
    Info (12134): Parameter "WIDTHAD_A" = "5"
    Info (12134): Parameter "NUMWORDS_A" = "32"
    Info (12134): Parameter "WIDTH_B" = "32"
    Info (12134): Parameter "WIDTHAD_B" = "5"
    Info (12134): Parameter "NUMWORDS_B" = "32"
    Info (12134): Parameter "ADDRESS_ACLR_A" = "NONE"
    Info (12134): Parameter "OUTDATA_REG_B" = "UNREGISTERED"
    Info (12134): Parameter "ADDRESS_ACLR_B" = "NONE"
    Info (12134): Parameter "OUTDATA_ACLR_B" = "NONE"
    Info (12134): Parameter "ADDRESS_REG_B" = "CLOCK0"
    Info (12134): Parameter "INDATA_ACLR_A" = "NONE"
    Info (12134): Parameter "WRCONTROL_ACLR_A" = "NONE"
    Info (12134): Parameter "RAM_BLOCK_TYPE" = "M9K"
    Info (12134): Parameter "INIT_FILE" = "db/cpu.ram1_regfile_4c9f4da2.hdl.mif"
    Info (12134): Parameter "READ_DURING_WRITE_MODE_MIXED_PORTS" = "OLD_DATA"
Info (12021): Found 1 design units, including 1 entities, in source file db/altsyncram_uam1.tdf
    Info (12023): Found entity 1: altsyncram_uam1 File: C:/Rachit/RISC-V_CPU/riscv-cpu/8_stage_pipeline/fpga/db/altsyncram_uam1.tdf Line: 28
Info (12130): Elaborated megafunction instantiation "core:cpu_core|regfile:stage4_regfile|altsyncram:registers_a_rtl_0"
Info (12133): Instantiated megafunction "core:cpu_core|regfile:stage4_regfile|altsyncram:registers_a_rtl_0" with the following parameter:
    Info (12134): Parameter "OPERATION_MODE" = "DUAL_PORT"
    Info (12134): Parameter "WIDTH_A" = "32"
    Info (12134): Parameter "WIDTHAD_A" = "5"
    Info (12134): Parameter "NUMWORDS_A" = "32"
    Info (12134): Parameter "WIDTH_B" = "32"
    Info (12134): Parameter "WIDTHAD_B" = "5"
    Info (12134): Parameter "NUMWORDS_B" = "32"
    Info (12134): Parameter "ADDRESS_ACLR_A" = "NONE"
    Info (12134): Parameter "OUTDATA_REG_B" = "UNREGISTERED"
    Info (12134): Parameter "ADDRESS_ACLR_B" = "NONE"
    Info (12134): Parameter "OUTDATA_ACLR_B" = "NONE"
    Info (12134): Parameter "ADDRESS_REG_B" = "CLOCK0"
    Info (12134): Parameter "INDATA_ACLR_A" = "NONE"
    Info (12134): Parameter "WRCONTROL_ACLR_A" = "NONE"
    Info (12134): Parameter "RAM_BLOCK_TYPE" = "M9K"
    Info (12134): Parameter "INIT_FILE" = "db/cpu.ram0_regfile_4c9f4da2.hdl.mif"
    Info (12134): Parameter "READ_DURING_WRITE_MODE_MIXED_PORTS" = "OLD_DATA"
Info (12021): Found 1 design units, including 1 entities, in source file db/altsyncram_tam1.tdf
    Info (12023): Found entity 1: altsyncram_tam1 File: C:/Rachit/RISC-V_CPU/riscv-cpu/8_stage_pipeline/fpga/db/altsyncram_tam1.tdf Line: 28
Info (12130): Elaborated megafunction instantiation "core:cpu_core|memory:stage8_memory_system|data_mem:dmem|altsyncram:memory_rtl_0"
Info (12133): Instantiated megafunction "core:cpu_core|memory:stage8_memory_system|data_mem:dmem|altsyncram:memory_rtl_0" with the following parameter:
    Info (12134): Parameter "OPERATION_MODE" = "DUAL_PORT"
    Info (12134): Parameter "WIDTH_A" = "32"
    Info (12134): Parameter "WIDTHAD_A" = "14"
    Info (12134): Parameter "NUMWORDS_A" = "16384"
    Info (12134): Parameter "WIDTH_B" = "32"
    Info (12134): Parameter "WIDTHAD_B" = "14"
    Info (12134): Parameter "NUMWORDS_B" = "16384"
    Info (12134): Parameter "ADDRESS_ACLR_A" = "NONE"
    Info (12134): Parameter "OUTDATA_REG_B" = "UNREGISTERED"
    Info (12134): Parameter "ADDRESS_ACLR_B" = "NONE"
    Info (12134): Parameter "OUTDATA_ACLR_B" = "NONE"
    Info (12134): Parameter "ADDRESS_REG_B" = "CLOCK0"
    Info (12134): Parameter "INDATA_ACLR_A" = "NONE"
    Info (12134): Parameter "WRCONTROL_ACLR_A" = "NONE"
    Info (12134): Parameter "RAM_BLOCK_TYPE" = "M9K"
    Info (12134): Parameter "INIT_FILE" = "db/cpu.ram0_data_mem_73ff31ea.hdl.mif"
    Info (12134): Parameter "READ_DURING_WRITE_MODE_MIXED_PORTS" = "OLD_DATA"
Info (12021): Found 1 design units, including 1 entities, in source file db/altsyncram_oqm1.tdf
    Info (12023): Found entity 1: altsyncram_oqm1 File: C:/Rachit/RISC-V_CPU/riscv-cpu/8_stage_pipeline/fpga/db/altsyncram_oqm1.tdf Line: 32
Info (12021): Found 1 design units, including 1 entities, in source file db/decode_97a.tdf
    Info (12023): Found entity 1: decode_97a File: C:/Rachit/RISC-V_CPU/riscv-cpu/8_stage_pipeline/fpga/db/decode_97a.tdf Line: 23
Info (12021): Found 1 design units, including 1 entities, in source file db/mux_63b.tdf
    Info (12023): Found entity 1: mux_63b File: C:/Rachit/RISC-V_CPU/riscv-cpu/8_stage_pipeline/fpga/db/mux_63b.tdf Line: 23
Info (12130): Elaborated megafunction instantiation "core:cpu_core|bht:stage4_bht|altsyncram:bht_table_rtl_0"
Info (12133): Instantiated megafunction "core:cpu_core|bht:stage4_bht|altsyncram:bht_table_rtl_0" with the following parameter:
    Info (12134): Parameter "OPERATION_MODE" = "DUAL_PORT"
    Info (12134): Parameter "WIDTH_A" = "2"
    Info (12134): Parameter "WIDTHAD_A" = "10"
    Info (12134): Parameter "NUMWORDS_A" = "1024"
    Info (12134): Parameter "WIDTH_B" = "2"
    Info (12134): Parameter "WIDTHAD_B" = "10"
    Info (12134): Parameter "NUMWORDS_B" = "1024"
    Info (12134): Parameter "ADDRESS_ACLR_A" = "NONE"
    Info (12134): Parameter "OUTDATA_REG_B" = "UNREGISTERED"
    Info (12134): Parameter "ADDRESS_ACLR_B" = "NONE"
    Info (12134): Parameter "OUTDATA_ACLR_B" = "NONE"
    Info (12134): Parameter "ADDRESS_REG_B" = "CLOCK0"
    Info (12134): Parameter "INDATA_ACLR_A" = "NONE"
    Info (12134): Parameter "WRCONTROL_ACLR_A" = "NONE"
    Info (12134): Parameter "RAM_BLOCK_TYPE" = "M9K"
    Info (12134): Parameter "INIT_FILE" = "db/cpu.ram0_bht_19b7e.hdl.mif"
    Info (12134): Parameter "READ_DURING_WRITE_MODE_MIXED_PORTS" = "OLD_DATA"
Info (12021): Found 1 design units, including 1 entities, in source file db/altsyncram_qrl1.tdf
    Info (12023): Found entity 1: altsyncram_qrl1 File: C:/Rachit/RISC-V_CPU/riscv-cpu/8_stage_pipeline/fpga/db/altsyncram_qrl1.tdf Line: 28
Info (12130): Elaborated megafunction instantiation "core:cpu_core|instr_mem:stage2_imem|altsyncram:instruction_memory_rtl_0"
Info (12133): Instantiated megafunction "core:cpu_core|instr_mem:stage2_imem|altsyncram:instruction_memory_rtl_0" with the following parameter:
    Info (12134): Parameter "OPERATION_MODE" = "ROM"
    Info (12134): Parameter "WIDTH_A" = "32"
    Info (12134): Parameter "WIDTHAD_A" = "14"
    Info (12134): Parameter "NUMWORDS_A" = "16384"
    Info (12134): Parameter "OUTDATA_REG_A" = "UNREGISTERED"
    Info (12134): Parameter "ADDRESS_ACLR_A" = "NONE"
    Info (12134): Parameter "OUTDATA_ACLR_A" = "NONE"
    Info (12134): Parameter "INDATA_ACLR_A" = "NONE"
    Info (12134): Parameter "WRCONTROL_ACLR_A" = "NONE"
    Info (12134): Parameter "RAM_BLOCK_TYPE" = "M9K"
    Info (12134): Parameter "INIT_FILE" = "db/cpu.ram0_instr_mem_8ff0214b.hdl.mif"
Info (12021): Found 1 design units, including 1 entities, in source file db/altsyncram_eu81.tdf
    Info (12023): Found entity 1: altsyncram_eu81 File: C:/Rachit/RISC-V_CPU/riscv-cpu/8_stage_pipeline/fpga/db/altsyncram_eu81.tdf Line: 30
Info (13000): Registers with preset signals will power-up high File: C:/Rachit/RISC-V_CPU/riscv-cpu/8_stage_pipeline/fpga/top.sv Line: 44
Info (13003): DEV_CLRn pin will set, and not reset, register with preset signal due to NOT Gate Push-Back
Info (286030): Timing-Driven Synthesis is running
Info (128000): Starting physical synthesis optimizations for speed
Info (332164): Evaluating HDL-embedded SDC commands
    Info (332165): Entity altpll_qdb2
        Info (332166): set_false_path -from ** -to *phasedone_state* 
        Info (332166): set_false_path -from ** -to *internal_phasestep* 
Warning (332173): Ignored filter: *phasedone_state* could not be matched with a clock or keeper or register or port or pin or cell or partition
Warning (332048): Ignored set_false_path: Argument <to> is not an object ID
Warning (332173): Ignored filter: *internal_phasestep* could not be matched with a clock or keeper or register or port or pin or cell or partition
Warning (332048): Ignored set_false_path: Argument <to> is not an object ID
Info (332104): Reading SDC File: 'cpu.sdc'
Info (332110): Deriving PLL clocks
    Info (332110): create_generated_clock -source {pll_inst|altpll_component|auto_generated|pll1|inclk[0]} -divide_by 196 -multiply_by 499 -duty_cycle 50.00 -name {pll_inst|altpll_component|auto_generated|pll1|clk[0]} {pll_inst|altpll_component|auto_generated|pll1|clk[0]}
Info (332151): Clock uncertainty is not calculated until you update the timing netlist.
Info (332154): The derive_clock_uncertainty command did not apply clock uncertainty to any clock-to-clock transfers.
Info (332129): Detected timing requirements -- optimizing circuit to achieve only the specified requirements
Info (332111): Found 2 clocks
    Info (332111):   Period   Clock Name
    Info (332111): ======== ============
    Info (332111):   20.000 MAX10_CLK1_50
    Info (332111):    7.855 pll_inst|altpll_component|auto_generated|pll1|clk[0]
Info (128002): Starting physical synthesis algorithm register retiming
Info (128003): Physical synthesis algorithm register retiming complete: estimated slack improvement of 0 ps
Info (128002): Starting physical synthesis algorithm combinational resynthesis using boolean division
Info (128003): Physical synthesis algorithm combinational resynthesis using boolean division complete: estimated slack improvement of 651 ps
Info (128001): Physical synthesis optimizations for speed complete: elapsed time is 00:00:02
Info (16010): Generating hard_block partition "hard_block:auto_generated_inst"
    Info (16011): Adding 1 node(s), including 0 DDIO, 1 PLL, 0 transceiver and 0 LCELL
Info (21057): Implemented 3322 device resources after synthesis - the final resource count might be different
    Info (21058): Implemented 13 input pins
    Info (21059): Implemented 52 output pins
    Info (21061): Implemented 3062 logic cells
    Info (21064): Implemented 194 RAM segments
    Info (21065): Implemented 1 PLLs
Info: Quartus Prime Analysis & Synthesis was successful. 0 errors, 12 warnings
    Info: Peak virtual memory: 5026 megabytes
    Info: Processing ended: Mon Jul 27 20:46:33 2026
    Info: Elapsed time: 00:00:13
    Info: Total CPU time (on all processors): 00:00:22


